REMUNERAÃ.Ã.O.BÃ.SICA.BRUTA..R..,count
"19560,93",210
"14468,14",208
"13376,61",183
"13911,69",180
"10481,64",153
"20343,37",131
"12862,13",125
"22377,72",116
"18808,60",85
"6356,02",79
"20632,60",53
"18085,19",53
"4692,37",47
"15539,81",42
"14983,36",40
"14448,28",39
"3839,21",34
"10154,78",31
"11005,73",31
"15141,07",30
"4532,17",28
"3046,99",28
"10962,31",27
"2667,19",27
"9773,61",26
"7452,61",25
"13998,77",25
"21380,55",25
"4362,04",24
"23418,54",24
"14439,92",22
"5083,39",22
"9406,74",21
"14975,00",21
"10550,83",20
"15814,01",20
"22585,88",19
"14620,94",19
"8359,01",19
"5923,99",19
"23449,39",18
"19880,27",18
"2681,35",18
"3333,98",18
"4556,92",18
"3743,07",18
"22481,80",18
"21415,04",18
"4892,57",17
"7743,26",17
"22794,04",17
"24459,36",17
"3467,34",17
"9053,66",17
"4708,93",17
"4040,72",17
"8713,82",17
"15205,80",17
"4704,40",16
"13933,80",16
"0,00",16
"5720,55",15
"6887,02",15
"22898,13",15
"5943,65",14
"6926,51",14
"23002,21",13
"20470,74",13
"4887,87",13
"7378,95",13
"20558,23",13
"13460,36",13
"14558,74",13
"19871,91",12
"11389,83",12
"8178,12",12
"5299,16",12
"5645,27",11
"11244,96",11
"8685,01",11
"5281,64",11
"19683,41",11
"5909,73",11
"4527,82",11
"3599,11",11
"8045,24",11
"11939,09",11
"4803,00",10
"9023,74",10
"23441,03",10
"13113,29",10
"6427,49",10
"4036,83",10
"5278,90",10
"20624,24",10
"6146,70",10
"7647,07",10
"10438,97",10
"5487,61",10
"21406,68",10
"21289,57",10
"5687,92",9
"6628,49",9
"6175,45",9
"6155,03",9
"6427,22",9
"4198,31",9
"22689,96",9
"6395,09",9
"5891,06",9
"6391,76",9
"3464,02",9
"23522,62",9
"3889,05",9
"3355,42",9
"9375,66",9
"5354,22",9
"5865,45",8
"6331,85",8
"23106,29",8
"4632,87",8
"10969,15",8
"23938,95",8
"5591,13",8
"10025,60",8
"20251,07",8
"5472,52",8
"6094,20",8
"11456,67",8
"4580,57",8
"3604,81",8
"6344,95",8
"5955,88",8
"5698,67",8
"6666,53",7
"6581,73",7
"8984,65",7
"6096,90",7
"14058,60",7
"6379,68",7
"8100,73",7
"7196,65",7
"5595,48",7
"6450,60",7
"12621,08",7
"20437,99",7
"5552,47",7
"5268,92",7
"4469,14",7
"22235,77",7
"20816,47",7
"4194,27",6
"14063,49",6
"6120,79",6
"11490,93",6
"19694,62",6
"25343,86",6
"13684,39",6
"16212,74",6
"6362,47",6
"24771,60",6
"8515,92",6
"19767,53",6
"5569,99",6
"7006,96",6
"26126,30",6
"2815,41",6
"4628,69",6
"6783,86",6
"19156,86",6
"10032,36",6
"11218,09",6
"23626,70",6
"5868,05",6
"7799,54",6
"1412,00",6
"7238,76",6
"7260,52",6
"12025,62",6
"5701,64",6
"2437,59",6
"11059,61",6
"18667,64",6
"11614,14",6
"23761,63",6
"4054,12",6
"5505,83",6
"20532,61",5
"11252,51",5
"6403,84",5
"6473,25",5
"12147,34",5
"5457,10",5
"7132,98",5
"5158,70",5
"7101,95",5
"24667,52",5
"3873,41",5
"5080,75",5
"9002,01",5
"12888,49",5
"5095,55",5
"6569,14",5
"4899,57",5
"5656,45",5
"9741,30",5
"4880,79",5
"12139,16",5
"9332,52",5
"3602,58",5
"8143,57",5
"6903,62",5
"7477,33",5
"6214,48",5
"13925,44",5
"9717,87",5
"10830,13",5
"18926,36",5
"11683,51",5
"12359,43",5
"7670,11",5
"4667,58",5
"4013,90",5
"4979,76",5
"3885,31",5
"10416,61",5
"8071,92",5
"5771,31",5
"5100,23",5
"5951,94",5
"12386,50",4
"29761,03",4
"5474,42",4
"8924,04",4
"2938,02",4
"4320,83",4
"3178,76",4
"12295,58",4
"3734,85",4
"12404,72",4
"3738,17",4
"5767,71",4
"5815,58",4
"6764,95",4
"5112,12",4
"6734,98",4
"11691,36",4
"4934,29",4
"4357,86",4
"5669,93",4
"4908,79",4
"8505,76",4
"8167,96",4
"5433,38",4
"11542,26",4
"15684,25",4
"9074,36",4
"20721,85",4
"12067,86",4
"11486,94",4
"7593,98",4
"5163,40",4
"6333,69",4
"6523,60",4
"23834,87",4
"23865,71",4
"11553,31",4
"6865,22",4
"3739,47",4
"4311,55",4
"8651,87",4
"4975,23",4
"4890,04",4
"22284,69",4
"10515,96",4
"5020,24",4
"5776,66",4
"22119,23",4
"8338,89",4
"18111,19",4
"15531,45",4
"5861,59",4
"5197,97",4
"28160,65",4
"8731,67",4
"21834,49",4
"5758,44",4
"13647,44",4
"7197,34",4
"4465,26",4
"8664,10",4
"25531,03",4
"8461,19",4
"21542,41",4
"12841,47",4
"4756,07",4
"24667,53",4
"8908,43",4
"13342,28",4
"13615,55",4
"15630,41",4
"6659,00",4
"6798,25",4
"5991,38",4
"5078,50",4
"4188,20",4
"7172,86",4
"6281,59",4
"12315,82",4
"8540,64",4
"10644,47",4
"13535,60",4
"4948,62",4
"11611,04",4
"25396,10",3
"1512,38",3
"2118,00",3
"4660,52",3
"5791,36",3
"6416,63",3
"5055,11",3
"3067,26",3
"4156,14",3
"5481,49",3
"11021,30",3
"9632,58",3
"10306,93",3
"7965,71",3
"3375,31",3
"14182,52",3
"5007,43",3
"20558,22",3
"6687,11",3
"5234,32",3
"12612,58",3
"12067,85",3
"3687,09",3
"10044,44",3
"10822,85",3
"9705,82",3
"5071,15",3
"7989,82",3
"5996,41",3
"3379,00",3
"23314,46",3
"20330,45",3
"5043,11",3
"4741,34",3
"5177,51",3
"5457,09",3
"4842,45",3
"6473,98",3
"5200,89",3
"7312,77",3
"6962,51",3
"9353,08",3
"13391,14",3
"6446,28",3
"4875,36",3
"4814,83",3
"8806,64",3
"10074,27",3
"3412,63",3
"14738,97",3
"5920,93",3
"8458,61",3
"7382,20",3
"11834,03",3
"4521,25",3
"9918,12",3
"25214,00",3
"23210,37",3
"11660,66",3
"19831,76",3
"4845,93",3
"13862,62",3
"4465,10",3
"5938,52",3
"1955,94",3
"5647,78",3
"6207,52",3
"5867,51",3
"25083,85",3
"11895,51",3
"10042,25",3
"4692,36",3
"4221,24",3
"3600,69",3
"8397,54",3
"6838,40",3
"6544,13",3
"6416,28",3
"3713,89",3
"6458,48",3
"3757,12",3
"3869,94",3
"10021,16",3
"4516,22",3
"5457,85",3
"20627,23",3
"8430,30",3
"9649,29",3
"9100,70",3
"13104,50",3
"6188,65",3
"2771,22",3
"10423,63",3
"7109,90",3
"8773,41",3
"11003,52",3
"8955,84",3
"24043,03",3
"6584,98",3
"7700,18",3
"2369,86",3
"14611,95",3
"6520,75",3
"5263,05",3
"5435,77",3
"10605,63",3
"14456,02",3
"10488,96",3
"3299,85",3
"4865,35",3
"8938,48",3
"4324,95",3
"3984,48",3
"19290,02",3
"6619,62",2
"28655,55",2
"23753,27",2
"15692,61",2
"13698,25",2
"8323,21",2
"9422,32",2
"5077,39",2
"8032,56",2
"13227,29",2
"5439,89",2
"5288,88",2
"11523,34",2
"14403,26",2
"15181,82",2
"14532,03",2
"13086,90",2
"9448,43",2
"12897,85",2
"10926,07",2
"8938,96",2
"9772,48",2
"12483,83",2
"12077,40",2
"24523,65",2
"4786,08",2
"2133,75",2
"3379,08",2
"5467,82",2
"15876,27",2
"4849,63",2
"11439,93",2
"5286,43",2
"33595,11",2
"8071,91",2
"24481,85",2
"21255,55",2
"14750,33",2
"9873,29",2
"16269,11",2
"3541,34",2
"7922,46",2
"3924,53",2
"8240,22",2
"26785,38",2
"3594,64",2
"10836,92",2
"3382,54",2
"843,71",2
"5823,04",2
"13922,23",2
"13221,07",2
"8608,77",2
"3042,05",2
"4664,00",2
"6951,15",2
"4438,04",2
"24542,87",2
"24875,68",2
"10826,84",2
"12404,71",2
"6416,99",2
"7912,60",2
"12245,30",2
"13201,03",2
"820,13",2
"2879,29",2
"4928,68",2
"15070,44",2
"6435,90",2
"8732,58",2
"8284,33",2
"20839,20",2
"8549,86",2
"8074,57",2
"4385,88",2
"9375,37",2
"28305,19",2
"18421,65",2
"26771,65",2
"9161,86",2
"24065,52",2
"9748,32",2
"21534,05",2
"14164,81",2
"11231,31",2
"16277,47",2
"22898,00",2
"8806,57",2
"5247,52",2
"6273,17",2
"4941,99",2
"9287,09",2
"10122,09",2
"21995,30",2
"9282,97",2
"19148,50",2
"7494,22",2
"7433,38",2
"21932,72",2
"4035,09",2
"7141,88",2
"25530,98",2
"4139,87",2
"5224,27",2
"22320,20",2
"7212,05",2
"4839,23",2
"20875,02",2
"3665,90",2
"13606,24",2
"10866,03",2
"3030,53",2
"13940,80",2
"4130,57",2
"8871,21",2
"13100,44",2
"22360,50",2
"28242,53",2
"6937,36",2
"11130,78",2
"22361,24",2
"5371,06",2
"5841,52",2
"14697,14",2
"6278,62",2
"21888,14",2
"16745,24",2
"4913,66",2
"4212,25",2
"5055,10",2
"6290,34",2
"5547,38",2
"6067,11",2
"10140,82",2
"6163,54",2
"17576,11",2
"2991,58",2
"29882,64",2
"8003,47",2
"22644,88",2
"4643,36",2
"19698,30",2
"30031,86",2
"26681,30",2
"7946,27",2
"11932,14",2
"14006,02",2
"23576,20",2
"22992,73",2
"9665,95",2
"8557,36",2
"5421,17",2
"6573,63",2
"23411,28",2
"22877,80",2
"16204,38",2
"9282,89",2
"15170,46",2
"8772,39",2
"21413,18",2
"6834,62",2
"4148,68",2
"24490,21",2
"23950,99",2
"23791,03",2
"5068,58",2
"10861,43",2
"15947,08",2
"6000,84",2
"28681,06",2
"21629,90",2
"11448,99",2
"7328,45",2
"6641,05",2
"8144,43",2
"23990,42",2
"20588,79",2
"7226,86",2
"12271,31",2
"16707,36",2
"8236,17",2
"10116,97",2
"4503,62",2
"14295,26",2
"8025,88",2
"9769,01",2
"3797,43",2
"5423,08",2
"5201,01",2
"5517,59",2
"14948,61",2
"13122,28",2
"4891,37",2
"23299,08",2
"7063,40",2
"35543,96",2
"14967,38",2
"37621,44",2
"29788,15",2
"20742,96",2
"6520,41",2
"14667,21",2
"28899,83",2
"9358,43",2
"19159,54",2
"7174,45",2
"6136,28",2
"5681,56",2
"7246,48",2
"5903,16",2
"7184,72",2
"7224,43",2
"6848,93",2
"23969,80",2
"6067,56",2
"6101,00",2
"5208,10",2
"9282,96",2
"6870,62",2
"5991,90",2
"23553,47",2
"28684,13",2
"20013,51",2
"14871,45",2
"35626,00",2
"27763,43",2
"38750,52",2
"30436,07",2
"31675,42",2
"5635,06",2
"5370,97",2
"7218,34",2
"2772,24",2
"5309,35",2
"7658,00",2
"6665,92",2
"7116,03",2
"4977,32",2
"24282,04",2
"8973,58",2
"27072,50",2
"15563,81",2
"9645,01",2
"10770,58",2
"26889,46",2
"4252,77",2
"6586,16",2
"4307,66",2
"22951,71",2
"7748,85",2
"13624,71",2
"5284,35",2
"7768,94",2
"26355,33",2
"19924,85",2
"6751,78",2
"10544,65",2
"11806,54",2
"4711,12",2
"9964,25",2
"28197,10",2
"26993,54",2
"5317,07",2
"27097,63",2
"4917,73",2
"5261,62",2
"11649,07",2
"15161,81",2
"19340,57",2
"6262,58",2
"12455,86",2
"17061,63",2
"12377,62",2
"10354,53",2
"23834,86",2
"26853,25",2
"12453,14",2
"10821,66",2
"5194,85",2
"5825,30",2
"3532,09",2
"4952,36",2
"17869,07",2
"10229,62",2
"23878,19",2
"7434,66",2
"11239,96",2
"9920,05",2
"12775,09",2
"18999,82",2
"12269,51",2
"6997,93",2
"23008,10",2
"4458,42",2
"5603,22",2
"6062,30",2
"17198,33",2
"9875,73",2
"8018,81",2
"10818,07",2
"7593,97",2
"7516,18",2
"6138,65",2
"6009,72",2
"11451,74",2
"4388,77",2
"3398,41",2
"5661,23",2
"3225,27",2
"4802,78",2
"18645,06",2
"5126,75",2
"5784,25",2
"4793,21",2
"31716,11",2
"6686,99",2
"8756,42",2
"4950,51",2
"14330,65",2
"4261,33",2
"11942,76",2
"18756,18",2
"8815,37",2
"7479,59",2
"4047,29",2
"22107,14",2
"7780,08",2
"24563,44",2
"34081,25",2
"6319,46",2
"6470,14",2
"7700,19",2
"10012,13",2
"5734,93",2
"6498,62",2
"4746,34",2
"28785,14",2
"10094,06",2
"4632,41",2
"4060,05",2
"6206,82",2
"4798,65",2
"10644,46",2
"6414,02",2
"27080,92",2
"37733,57",2
"5663,34",2
"4196,13",2
"21879,78",2
"18505,77",2
"3845,31",2
"7338,86",2
"9087,37",2
"6221,18",2
"27308,87",2
"14961,43",2
"22352,88",2
"7969,26",2
"4337,78",2
"4547,20",2
"28916,24",2
"10901,58",2
"23680,28",2
"5064,08",2
"23535,90",2
"22479,04",2
"22614,25",2
"12851,38",2
"5136,87",2
"4706,48",2
"13253,16",2
"3822,33",2
"12607,00",2
"10412,00",2
"10087,05",2
"20903,43",2
"11405,44",2
"23998,13",2
"4207,85",2
"4604,40",2
"8931,07",2
"28736,39",2
"12188,24",2
"12682,71",2
"8259,96",2
"24147,12",2
"6627,33",2
"21688,62",2
"4351,54",2
"6141,81",2
"26684,58",2
"8057,28",2
"23760,43",2
"10490,63",2
"14911,92",2
"4436,42",2
"14176,60",2
"36271,43",2
"30766,15",2
"4301,33",2
"4616,78",2
"6550,92",2
"23730,79",2
"28889,22",2
"6455,42",2
"22447,50",2
"24368,27",2
"15937,71",2
"7938,97",2
"16346,84",2
"14148,60",2
"14535,43",2
"13972,44",2
"8386,73",2
"6725,71",2
"7452,27",2
"36388,66",2
"6639,34",2
"4812,20",2
"7744,09",2
"7729,25",2
"5798,74",2
"8900,18",2
"26599,40",2
"22803,49",2
"7460,56",2
"9246,59",2
"12133,80",2
"4346,71",2
"22867,53",2
"10586,26",2
"19400,85",2
"21194,95",2
"7764,00",2
"4376,52",2
"27709,72",2
"6338,95",2
"11861,65",2
"8173,49",2
"18169,30",2
"6487,78",2
"16885,68",2
"29744,07",2
"5444,15",2
"25055,84",2
"2044,85",2
"4875,18",2
"5184,06",2
"26782,29",2
"4713,20",2
"9232,54",2
"24381,41",2
"23603,00",2
"4806,38",2
"15091,72",2
"8638,73",2
"15622,05",2
"7426,38",2
"8625,19",2
"26049,25",2
"23307,44",2
"10321,25",2
"5617,52",2
"18389,39",2
"33842,05",2
"13027,51",2
"5388,47",2
"13881,71",2
"8227,03",2
"7695,24",2
"3351,76",2
"5560,15",2
"7707,80",2
"18055,30",2
"5424,28",2
"8602,96",2
"10374,95",2
"6300,50",2
"12538,51",2
"14965,02",2
"16877,32",2
"25434,23",2
"31755,56",2
"19088,25",2
"9691,59",2
"8450,48",2
"25166,22",2
"3589,89",2
"27854,15",2
"6194,82",2
"11677,66",2
"28088,20",2
"4774,22",2
"21668,05",2
"11892,82",2
"3229,47",2
"17312,79",2
"1260,37",2
"8885,11",2
"13861,17",2
"10870,13",2
"5727,93",1
"18755,03",1
"6350,78",1
"6157,82",1
"20051,22",1
"9377,88",1
"3000,00",1
"6395,20",1
"31547,88",1
"1313,85",1
"11248,85",1
"3693,58",1
"24135,73",1
"15425,55",1
"5199,01",1
"9965,07",1
"10365,57",1
"5728,91",1
"9708,54",1
"5306,83",1
"9070,08",1
"5897,33",1
"1942,65",1
"3338,09",1
"13274,85",1
"7678,42",1
"3791,62",1
"5614,24",1
"10899,76",1
"8245,44",1
"16389,09",1
"38062,77",1
"3289,44",1
"12356,63",1
"4581,79",1
"15205,79",1
"4650,42",1
"16453,81",1
"9293,34",1
"12676,24",1
"35993,70",1
"1184,88",1
"20656,59",1
"3399,12",1
"5341,19",1
"10120,18",1
"25449,68",1
"9824,38",1
"16413,35",1
"4010,30",1
"26721,29",1
"4831,79",1
"24200,69",1
"25086,93",1
"6198,31",1
"4357,85",1
"5850,43",1
"3510,60",1
"5470,51",1
"2734,15",1
"15428,46",1
"11057,42",1
"5405,06",1
"15968,51",1
"3478,85",1
"25708,35",1
"3582,01",1
"16609,59",1
"7234,05",1
"5179,62",1
"3887,03",1
"4924,15",1
"4886,80",1
"3402,30",1
"5210,65",1
"13181,19",1
"5997,32",1
"10230,43",1
"16542,47",1
"5894,24",1
"3664,21",1
"13600,98",1
"17730,66",1
"7443,06",1
"4556,91",1
"6391,62",1
"8599,16",1
"14829,60",1
"2980,76",1
"6262,14",1
"7164,76",1
"5271,04",1
"26020,59",1
"25776,98",1
"6247,42",1
"11755,63",1
"20103,99",1
"9646,49",1
"169,44",1
"5047,00",1
"4483,08",1
"8636,00",1
"10021,15",1
"10461,63",1
"5231,73",1
"27988,62",1
"8051,27",1
"4564,75",1
"4418,06",1
"592,39",1
"5622,26",1
"14337,01",1
"9134,01",1
"24073,08",1
"5922,40",1
"22847,62",1
"14947,75",1
"5760,13",1
"12872,42",1
"9468,51",1
"3120,28",1
"4174,96",1
"3647,89",1
"4280,06",1
"13097,81",1
"9629,14",1
"9673,03",1
"7946,88",1
"4553,85",1
"6513,56",1
"3088,38",1
"1244,69",1
"3823,14",1
"34149,97",1
"24875,69",1
"21744,47",1
"6141,25",1
"19079,43",1
"15105,41",1
"2944,59",1
"4779,66",1
"5487,60",1
"17148,00",1
"4419,51",1
"8395,59",1
"22648,55",1
"30738,21",1
"5972,32",1
"13625,47",1
"5695,99",1
"9014,48",1
"5871,98",1
"6680,78",1
"5478,93",1
"7387,17",1
"13594,65",1
"3189,84",1
"1511,41",1
"7697,08",1
"4723,49",1
"3400,01",1
"24825,19",1
"19346,94",1
"6926,03",1
"6324,28",1
"11847,99",1
"13758,66",1
"18253,42",1
"26440,01",1
"3335,45",1
"4824,46",1
"5753,18",1
"12671,71",1
"13700,25",1
"5634,19",1
"3253,59",1
"6638,09",1
"12348,53",1
"22341,24",1
"4484,39",1
"27216,15",1
"18191,41",1
"7457,07",1
"4000,78",1
"7346,15",1
"22752,63",1
"7372,78",1
"11156,88",1
"8922,42",1
"15925,84",1
"9400,12",1
"10425,61",1
"3600,70",1
"28959,33",1
"5836,85",1
"3426,34",1
"20918,23",1
"6151,84",1
"12630,18",1
"5369,30",1
"2352,20",1
"8352,61",1
"12892,22",1
"23749,69",1
"3729,90",1
"24512,94",1
"12806,52",1
"15971,29",1
"13459,31",1
"7871,16",1
"5920,92",1
"7487,76",1
"4403,00",1
"6358,50",1
"11021,11",1
"23656,47",1
"5742,59",1
"6433,06",1
"9097,48",1
"16437,95",1
"14193,04",1
"3108,25",1
"24771,61",1
"5449,17",1
"6484,76",1
"8600,25",1
"3888,56",1
"4272,17",1
"11266,44",1
"5522,89",1
"10786,49",1
"18224,36",1
"13380,60",1
"15543,97",1
"12336,13",1
"6272,68",1
"15612,12",1
"12163,72",1
"9086,31",1
"5125,76",1
"5008,62",1
"7222,24",1
"23733,86",1
"19075,47",1
"20106,81",1
"10237,71",1
"14602,72",1
"6644,48",1
"4692,51",1
"7332,31",1
"3200,62",1
"7758,88",1
"15974,03",1
"16338,32",1
"6946,67",1
"7709,88",1
"23877,96",1
"9243,76",1
"8435,98",1
"6900,73",1
"8640,77",1
"7275,35",1
"10295,99",1
"7567,49",1
"15499,97",1
"5117,27",1
"17427,65",1
"3483,93",1
"4601,90",1
"3208,85",1
"14501,93",1
"11989,74",1
"9191,83",1
"5493,25",1
"6472,11",1
"5829,19",1
"6302,88",1
"10461,62",1
"8762,27",1
"5647,29",1
"13913,42",1
"10295,94",1
"13660,81",1
"3555,20",1
"10244,93",1
"17283,06",1
"4129,36",1
"7543,70",1
"34393,74",1
"8514,81",1
"19801,09",1
"23078,56",1
"10757,08",1
"25812,43",1
"3543,40",1
"16264,57",1
"6835,37",1
"7153,94",1
"4183,54",1
"9088,92",1
"10763,32",1
"7870,88",1
"6359,51",1
"4734,64",1
"6783,55",1
"7169,14",1
"9736,26",1
"5037,87",1
"23071,60",1
"425,00",1
"17091,93",1
"24306,66",1
"4552,79",1
"21198,58",1
"23109,37",1
"9943,08",1
"4656,92",1
"3486,29",1
"3042,62",1
"4373,80",1
"4529,81",1
"9370,80",1
"3053,92",1
"22724,57",1
"14462,48",1
"10315,90",1
"4858,38",1
"3763,52",1
"8933,57",1
"4751,92",1
"6073,67",1
"21636,15",1
"13819,31",1
"14399,99",1
"24809,45",1
"11766,53",1
"10089,90",1
"8218,30",1
"6543,06",1
"11372,64",1
"12574,71",1
"4030,99",1
"8546,90",1
"22954,70",1
"7974,61",1
"15031,82",1
"5493,62",1
"8074,56",1
"8562,46",1
"6042,14",1
"6011,71",1
"26379,85",1
"6025,03",1
"6449,62",1
"6130,00",1
"6513,75",1
"6078,57",1
"15216,29",1
"13382,40",1
"21288,95",1
"6099,93",1
"15406,32",1
"4002,19",1
"4273,87",1
"5807,45",1
"5044,27",1
"14247,64",1
"19985,50",1
"11141,36",1
"15036,32",1
"8112,76",1
"4032,49",1
"20470,75",1
"6416,27",1
"3541,51",1
"24617,02",1
"5362,89",1
"7998,16",1
"9490,40",1
"9715,51",1
"2236,32",1
"20983,20",1
"6856,99",1
"6042,04",1
"3199,33",1
"9603,35",1
"20824,00",1
"5396,20",1
"16171,88",1
"9399,53",1
"10221,97",1
"5107,69",1
"14256,58",1
"23382,73",1
"4664,02",1
"16643,66",1
"6607,53",1
"11198,68",1
"8995,61",1
"3000,58",1
"4378,86",1
"4630,61",1
"6036,81",1
"20911,09",1
"9162,09",1
"6334,68",1
"12572,33",1
"12430,03",1
"21005,71",1
"3809,64",1
"6249,27",1
"6480,57",1
"7640,58",1
"9954,10",1
"5482,35",1
"6651,19",1
"11043,63",1
"3022,73",1
"15608,69",1
"7451,34",1
"7328,46",1
"1640,26",1
"4196,12",1
"19651,91",1
"8018,80",1
"5527,87",1
"13414,73",1
"6989,17",1
"5033,12",1
"16148,31",1
"6382,62",1
"6157,74",1
"13964,99",1
"26532,57",1
"4543,06",1
"24177,15",1
"4550,17",1
"7221,81",1
"24300,55",1
"1556,93",1
"12702,22",1
"13517,49",1
"9964,64",1
"8888,91",1
"5518,91",1
"17276,96",1
"9603,69",1
"8369,71",1
"3439,65",1
"15730,52",1
"25083,86",1
"17670,45",1
"7968,21",1
"17759,18",1
"13497,89",1
"23118,89",1
"5310,48",1
"15682,60",1
"19538,23",1
"28312,19",1
"5160,63",1
"32760,95",1
"17542,80",1
"5716,08",1
"8656,06",1
"23965,09",1
"5918,42",1
"19362,65",1
"11574,52",1
"17292,04",1
"18012,50",1
"9920,12",1
"8285,62",1
"29832,94",1
"5244,35",1
"30746,32",1
"7123,37",1
"3415,23",1
"8488,55",1
"9292,68",1
"4318,92",1
"22505,03",1
"3544,07",1
"23055,79",1
"13101,56",1
"4488,94",1
"7564,49",1
"7780,62",1
"4403,31",1
"7968,61",1
"11389,59",1
"7131,84",1
"10038,24",1
"10147,72",1
"9166,16",1
"4447,14",1
"1992,51",1
"13228,39",1
"4502,02",1
"15580,33",1
"3622,26",1
"10966,77",1
"4703,86",1
"10283,41",1
"6218,56",1
"10241,01",1
"4688,92",1
"10274,85",1
"10178,63",1
"6286,92",1
"9292,25",1
"10194,36",1
"2708,67",1
"5211,08",1
"6157,57",1
"15640,07",1
"20941,83",1
"5354,59",1
"6804,75",1
"5012,61",1
"5927,17",1
"14364,62",1
"13231,70",1
"9171,77",1
"6170,72",1
"11874,91",1
"4907,12",1
"7838,86",1
"7859,50",1
"11090,15",1
"11117,07",1
"615,10",1
"4942,45",1
"3419,07",1
"17128,21",1
"9728,73",1
"6155,05",1
"4868,66",1
"6675,85",1
"21378,23",1
"3404,22",1
"5462,51",1
"5146,62",1
"5285,19",1
"5647,59",1
"5681,79",1
"5799,41",1
"3858,23",1
"9375,45",1
"12675,90",1
"7283,14",1
"10337,74",1
"5849,00",1
"19851,65",1
"5621,79",1
"6614,28",1
"12247,45",1
"11084,93",1
"22588,96",1
"10363,49",1
"5657,19",1
"2578,28",1
"14084,22",1
"26541,00",1
"10528,64",1
"10889,58",1
"6213,26",1
"4080,23",1
"6193,39",1
"19595,93",1
"23603,75",1
"5157,91",1
"3871,53",1
"9983,70",1
"30563,56",1
"7647,08",1
"3554,95",1
"5534,41",1
"3983,27",1
"4026,50",1
"8526,32",1
"3858,24",1
"5584,52",1
"6036,36",1
"9719,10",1
"10473,28",1
"4631,59",1
"3324,99",1
"13812,12",1
"4038,63",1
"14007,38",1
"6395,91",1
"6638,06",1
"9341,84",1
"20188,11",1
"21018,26",1
"7381,55",1
"17820,32",1
"5264,28",1
"5662,26",1
"15019,50",1
"17448,11",1
"25866,01",1
"21100,33",1
"23371,13",1
"4351,55",1
"5038,75",1
"8654,46",1
"7569,58",1
"11045,79",1
"9747,88",1
"6394,01",1
"10408,53",1
"16283,73",1
"6850,50",1
"7443,69",1
"26134,34",1
"8337,44",1
"23629,78",1
"5787,23",1
"7073,50",1
"14297,89",1
"22532,18",1
"23667,62",1
"12367,09",1
"24878,78",1
"26021,50",1
"5159,69",1
"3887,04",1
"3080,49",1
"4648,38",1
"7424,12",1
"4262,89",1
"11611,39",1
"220,37",1
"14271,08",1
"7104,49",1
"5817,74",1
"8734,70",1
"5974,51",1
"1665,03",1
"5349,33",1
"10998,18",1
"4653,25",1
"12611,40",1
"7330,20",1
"5947,72",1
"27826,84",1
"20614,20",1
"11962,19",1
"4359,78",1
"8666,96",1
"7493,31",1
"3690,96",1
"5740,87",1
"9677,57",1
"14063,48",1
"13204,73",1
"4689,46",1
"7467,48",1
"26288,53",1
"7894,56",1
"13098,66",1
"3596,29",1
"4811,06",1
"11854,06",1
"9611,95",1
"12690,43",1
"10567,84",1
"5877,01",1
"4462,44",1
"5890,65",1
"4878,79",1
"26856,33",1
"3263,66",1
"3939,94",1
"9293,32",1
"9498,62",1
"6500,69",1
"19667,11",1
"11719,01",1
"6374,06",1
"17113,39",1
"3356,91",1
"9693,01",1
"5484,78",1
"2933,90",1
"23005,29",1
"17808,02",1
"9143,51",1
"19071,04",1
"9342,65",1
"11132,80",1
"24257,37",1
"27165,50",1
"7391,37",1
"6542,91",1
"13185,98",1
"9592,63",1
"25077,03",1
"6898,17",1
"4818,03",1
"10499,27",1
"8653,37",1
"4662,37",1
"6869,83",1
"6790,25",1
"6230,28",1
"17780,81",1
"4818,34",1
"16977,23",1
"13036,65",1
"7348,85",1
"17319,51",1
"5730,49",1
"6144,15",1
"21762,67",1
"7426,37",1
"19244,35",1
"5167,33",1
"20510,07",1
"13972,45",1
"3854,09",1
"20485,99",1
"20733,20",1
"24046,12",1
"15410,25",1
"4727,78",1
"3237,07",1
"7439,97",1
"10369,10",1
"10643,38",1
"5349,07",1
"8366,67",1
"13097,85",1
"13687,69",1
"5228,76",1
"5804,89",1
"3657,94",1
"8934,52",1
"10195,32",1
"10345,38",1
"20774,01",1
"5576,00",1
"22306,54",1
"7753,29",1
"5369,82",1
"4288,11",1
"8385,18",1
"7490,35",1
"8111,52",1
"10290,34",1
"6397,98",1
"10776,25",1
"23367,04",1
"4668,18",1
"5554,68",1
"26080,35",1
"8031,49",1
"23992,53",1
"8539,47",1
"10059,53",1
"5496,30",1
"4796,82",1
"7809,29",1
"5850,22",1
"5972,47",1
"23940,59",1
"9280,58",1
"15877,78",1
"6581,14",1
"7969,13",1
"8372,98",1
"4253,38",1
"6835,38",1
"11037,69",1
"7687,89",1
"7723,44",1
"3327,30",1
"5332,42",1
"17783,11",1
"16389,10",1
"7495,66",1
"7625,96",1
"5419,07",1
"6227,19",1
"12838,53",1
"16860,60",1
"5092,47",1
"23356,65",1
"26209,00",1
"4031,17",1
"10551,65",1
"5526,89",1
"3834,91",1
"8518,91",1
"20908,14",1
"8717,28",1
"23421,63",1
"6622,36",1
"9445,47",1
"16723,34",1
"6359,02",1
"25187,93",1
"14909,99",1
"6151,83",1
"9720,93",1
"8795,67",1
"6253,08",1
"3106,15",1
"6297,05",1
"8444,85",1
"4011,97",1
"9051,50",1
"4852,65",1
"15262,96",1
"6879,33",1
"8916,27",1
"24502,44",1
"13065,14",1
"2019,30",1
"10305,20",1
"25872,20",1
"11319,40",1
"4062,80",1
"6275,13",1
"9966,16",1
"5893,01",1
"15107,77",1
"14737,31",1
"9003,31",1
"3208,83",1
"17971,42",1
"14001,14",1
"7791,05",1
"6219,31",1
"35929,15",1
"3789,04",1
"6268,18",1
"4942,15",1
"8783,91",1
"6268,72",1
"16287,15",1
"9834,96",1
"4407,90",1
"23533,07",1
"22103,50",1
"8759,08",1
"5229,42",1
"7626,43",1
"10425,06",1
"5569,58",1
"21645,72",1
"12643,55",1
"4484,85",1
"18333,29",1
"4943,05",1
"9490,24",1
"3186,90",1
"3711,14",1
"8180,48",1
"19742,89",1
"15267,91",1
"8967,56",1
"7524,69",1
"5603,53",1
"8997,42",1
"8115,83",1
"6060,33",1
"6640,80",1
"15019,81",1
"3523,19",1
"4570,81",1
"21562,25",1
"15411,90",1
"9047,87",1
"7116,04",1
"21964,46",1
"10085,60",1
"10261,11",1
"22901,21",1
"14146,56",1
"7205,92",1
"20561,72",1
"30363,64",1
"12607,39",1
"21784,21",1
"21661,65",1
"14172,95",1
"5298,25",1
"8904,76",1
"34840,39",1
"12191,60",1
"7243,98",1
"8870,00",1
"4270,78",1
"10363,23",1
"18391,22",1
"4579,53",1
"16240,70",1
"12007,35",1
"6728,53",1
"14400,40",1
"12909,56",1
"13167,19",1
"10266,21",1
"4870,07",1
"9207,68",1
"18008,43",1
"17190,88",1
"7786,73",1
"30651,02",1
"29223,90",1
"5750,25",1
"4648,52",1
"7083,79",1
"9483,33",1
"22046,53",1
"9558,86",1
"4704,39",1
"31937,02",1
"4671,61",1
"5630,83",1
"5501,39",1
"7442,00",1
"7737,95",1
"6043,50",1
"5837,74",1
"7465,39",1
"12029,52",1
"15026,89",1
"5420,73",1
"6705,82",1
"4203,75",1
"9399,54",1
"6734,90",1
"24563,45",1
"4724,54",1
"6107,67",1
"4009,23",1
"9050,21",1
"5368,87",1
"5354,21",1
"4118,92",1
"12487,39",1
"8014,09",1
"7450,46",1
"22330,39",1
"6843,02",1
"3268,38",1
"4767,67",1
"5351,58",1
"22981,87",1
"5118,95",1
"12812,92",1
"4496,25",1
"17983,94",1
"3553,73",1
"32778,20",1
"13468,15",1
"4401,02",1
"5033,13",1
"3645,54",1
"4342,50",1
"25292,02",1
"5978,53",1
"4309,46",1
"8424,75",1
"15683,57",1
"17238,73",1
"5951,93",1
"6956,72",1
"4290,41",1
"9050,22",1
"3722,26",1
"3574,48",1
"5200,69",1
"7457,08",1
"10833,37",1
"15245,45",1
"5264,64",1
"20489,87",1
"11883,57",1
"5349,84",1
"11270,95",1
"4766,49",1
"4577,61",1
"7104,48",1
