REMUNERACAO_APOS_DEDUCOES_OBRIGATORIAS,count
"13090,64",108
"7899,29",69
"6332,35",58
"10065,81",56
"9680,78",52
"10882,68",52
"13564,30",50
"10466,25",48
"14795,85",39
"12635,19",38
"5292,70",37
"10726,49",29
"12197,25",26
"14847,99",26
"13142,77",25
"2448,31",24
"10323,06",22
"13867,60",22
"9935,13",22
"13616,44",21
"4040,97",18
"10842,77",15
"2996,85",15
"7850,86",15
"5674,07",14
"4720,97",14
"3436,82",14
"3098,51",13
"9562,13",12
"11370,56",11
"8291,50",11
"12687,33",11
"13668,57",11
"10117,95",11
"3299,79",11
"2460,77",11
"10934,82",11
"9670,72",10
"12249,39",10
"3864,69",10
"10007,59",10
"3516,27",10
"3958,33",9
"8115,87",9
"14900,12",9
"4594,13",9
"4077,83",9
"4198,99",9
"13194,91",8
"10986,96",8
"15550,44",8
"11659,65",8
"14409,86",8
"7350,29",8
"11711,78",8
"3848,98",8
"10518,39",8
"10516,88",8
"10566,88",8
"15572,81",8
"5855,29",8
"4332,53",8
"11243,21",8
"5346,05",8
"5014,71",8
"4074,84",8
"14921,86",7
"7999,91",7
"4733,23",7
"10114,30",7
"3846,21",7
"15173,89",7
"6576,29",7
"15644,95",7
"9028,51",7
"7595,80",7
"12974,21",6
"11295,35",6
"10117,70",6
"13861,54",6
"6297,37",6
"14858,85",6
"9346,80",6
"2578,75",6
"4058,87",6
"10166,44",6
"6444,97",6
"14341,26",6
"7836,28",6
"4865,57",6
"11237,15",6
"10778,63",6
"13919,73",6
"10570,53",6
"11214,36",6
"3194,70",6
"6830,62",6
"9649,99",6
"3369,97",6
"10967,95",6
"3961,22",6
"4654,74",6
"13269,43",6
"5365,03",6
"13903,67",5
"5096,03",5
"3628,16",5
"17119,85",5
"3403,63",5
"8252,73",5
"14963,13",5
"16305,04",5
"4877,76",5
"3740,94",5
"15077,68",5
"7322,96",5
"6069,89",5
"13750,25",5
"5221,71",5
"10170,09",5
"13678,86",5
"3525,78",5
"12739,46",5
"13163,37",5
"13247,05",5
"10457,83",4
"10111,86",4
"7369,41",4
"9781,41",4
"13873,32",4
"10706,03",4
"4702,68",4
"10983,31",4
"7647,93",4
"14335,20",4
"3328,72",4
"10894,91",4
"10836,71",4
"10935,36",4
"11530,04",4
"6439,22",4
"9184,20",4
"5172,32",4
"5084,84",4
"8606,18",4
"14910,99",4
"3934,96",4
"3948,18",4
"13971,87",4
"2719,14",4
"3513,50",4
"16328,10",4
"13940,33",4
"17270,77",4
"11503,45",4
"4209,69",4
"18176,29",4
"8366,69",4
"14250,29",4
"8896,60",4
"4652,18",4
"13412,15",4
"11910,58",4
"6201,00",4
"15677,09",4
"4322,27",4
"5514,48",4
"18779,96",4
"15047,87",4
"3406,36",4
"11404,48",4
"6772,65",4
"13464,29",4
"5251,86",4
"5331,77",4
"5689,48",4
"3625,28",4
"12147,52",4
"5183,94",4
"4515,13",4
"5153,70",4
"8099,04",4
"10114,50",4
"6192,70",4
"15602,58",4
"5423,49",4
"9583,89",3
"4572,29",3
"3096,08",3
"4638,96",3
"2871,90",3
"10830,76",3
"7056,98",3
"3866,55",3
"4247,92",3
"5726,98",3
"5315,32",3
"8125,03",3
"19081,80",3
"3231,36",3
"17473,82",3
"1801,09",3
"3519,76",3
"7563,06",3
"3014,11",3
"12807,10",3
"16802,02",3
"15110,89",3
"6649,19",3
"4287,72",3
"7983,90",3
"5589,03",3
"9924,84",3
"5600,20",3
"7951,42",3
"5146,88",3
"5752,10",3
"5238,16",3
"13850,70",3
"5294,09",3
"2929,50",3
"4443,82",3
"4082,70",3
"5592,20",3
"10059,72",3
"15100,01",3
"3746,47",3
"6580,57",3
"10427,34",3
"4518,63",3
"5643,91",3
"8251,99",3
"4866,98",3
"17102,80",3
"8659,13",3
"7093,99",3
"17497,15",3
"10375,20",3
"15752,07",3
"6886,60",3
"4496,39",3
"2539,86",3
"8319,00",3
"5286,99",3
"5849,21",3
"7152,44",3
"4554,17",3
"3326,29",3
"5542,40",3
"8373,73",3
"7094,86",3
"9983,62",3
"9249,22",3
"7512,04",3
"8228,77",3
"5325,64",3
"10931,17",3
"3297,16",3
"4792,54",3
"16431,05",3
"10449,40",3
"10514,74",3
"9785,06",3
"4580,49",3
"5371,36",3
"5206,69",3
"2765,82",3
"8602,28",3
"3197,24",3
"5603,68",3
"10451,68",3
"4790,48",3
"4929,59",3
"4168,23",3
"6237,14",3
"4402,64",3
"13720,71",3
"5336,85",3
"8003,56",3
"4448,89",3
"3530,00",3
"4284,74",3
"14514,13",3
"15654,72",3
"9732,92",3
"6384,49",3
"4171,11",3
"10039,41",3
"17421,68",3
"4585,28",3
"19274,38",3
"16357,18",3
"8343,64",3
"13215,50",3
"7599,30",3
"17949,90",3
"18855,41",3
"7841,58",3
"4501,03",3
"5898,83",3
"7731,28",2
"16570,25",2
"18233,84",2
"4406,67",2
"4867,40",2
"7402,43",2
"3846,87",2
"8723,24",2
"18025,36",2
"8037,68",2
"4799,24",2
"18303,88",2
"20466,32",2
"10138,62",2
"6409,19",2
"4052,28",2
"14644,22",2
"3710,27",2
"16475,90",2
"7656,97",2
"4724,92",2
"7947,78",2
"4472,71",2
"15618,89",2
"9849,36",2
"16521,79",2
"7716,54",2
"16466,29",2
"4796,74",2
"18957,04",2
"9665,77",2
"4694,09",2
"18696,29",2
"10792,18",2
"13113,12",2
"3161,80",2
"6657,05",2
"6125,87",2
"8893,31",2
"4119,16",2
"10917,97",2
"5780,14",2
"4597,71",2
"7538,39",2
"5168,39",2
"6840,59",2
"19405,97",2
"14984,87",2
"3999,06",2
"13657,72",2
"4002,75",2
"7450,92",2
"5093,17",2
"8165,35",2
"3974,59",2
"4227,59",2
"10917,94",2
"6309,19",2
"4253,55",2
"5857,74",2
"4350,81",2
"20462,56",2
"6867,34",2
"8203,31",2
"27322,05",2
"14596,48",2
"11712,32",2
"14973,26",2
"10563,79",2
"10509,88",2
"15247,86",2
"7514,45",2
"12286,79",2
"17195,31",2
"8698,29",2
"7951,48",2
"17700,20",2
"13903,66",2
"6353,46",2
"36109,90",2
"4248,08",2
"10897,97",2
"3121,77",2
"13225,20",2
"6669,03",2
"8392,13",2
"11803,13",2
"14439,47",2
"12883,78",2
"5060,69",2
"8585,43",2
"26897,27",2
"7899,35",2
"11297,03",2
"10625,50",2
"5624,62",2
"8621,76",2
"15346,17",2
"5496,19",2
"11754,93",2
"3950,70",2
"14310,34",2
"10371,55",2
"4259,99",2
"8301,22",2
"13484,88",2
"12248,17",2
"10136,39",2
"4837,92",2
"9833,55",2
"6537,21",2
"9007,58",2
"9933,19",2
"17972,27",2
"13406,09",2
"6075,95",2
"11286,06",2
"3582,56",2
"11347,49",2
"3243,46",2
"4987,05",2
"9202,40",2
"5294,99",2
"10988,23",2
"18430,52",2
"5540,65",2
"6002,48",2
"4512,38",2
"3065,65",2
"9273,65",2
"6976,97",2
"9805,47",2
"14971,25",2
"9869,78",2
"6626,19",2
"5389,76",2
"4402,47",2
"15163,03",2
"10840,21",2
"3752,11",2
"17634,84",2
"12725,42",2
"5179,86",2
"11090,95",2
"11695,48",2
"112139,50",2
"8120,09",2
"17130,29",2
"5239,60",2
"10897,77",2
"10877,57",2
"24309,53",2
"11035,45",2
"14744,67",2
"16826,95",2
"4082,27",2
"48790,14",2
"17134,14",2
"14332,17",2
"5689,60",2
"7895,11",2
"9267,30",2
"4885,99",2
"6552,43",2
"7031,88",2
"13638,40",2
"22518,63",2
"15613,45",2
"11843,12",2
"15127,45",2
"6826,50",2
"3939,49",2
"15130,87",2
"5801,18",2
"23598,12",2
"9068,46",2
"14627,66",2
"20593,92",2
"6420,59",2
"3406,93",2
"9287,62",2
"4919,12",2
"3030,12",2
"21338,90",2
"17499,98",2
"4638,01",2
"11026,21",2
"15824,84",2
"10951,43",2
"5683,24",2
"10509,50",2
"17398,36",2
"12086,74",2
"5662,08",2
"16849,36",2
"8637,56",2
"17874,45",2
"9288,96",2
"9398,94",2
"10439,72",2
"14315,90",2
"4602,47",2
"10829,02",2
"10625,30",2
"6513,92",2
"15761,83",2
"7364,00",2
"11434,21",2
"7423,58",2
"5143,11",2
"3424,90",2
"14853,80",2
"14974,00",2
"9341,58",2
"26139,45",2
"4083,87",2
"26120,48",2
"5754,94",2
"7742,51",2
"19890,93",2
"2485,01",2
"7690,37",2
"7552,90",2
"32235,13",2
"8125,55",2
"9882,04",2
"4610,55",2
"4298,44",2
"17930,60",2
"9057,44",2
"7337,40",2
"3427,44",2
"10227,44",2
"25367,78",2
"38833,04",2
"6426,05",2
"9299,55",2
"13332,39",2
"4405,05",2
"12175,38",2
"8271,32",2
"9845,63",2
"6322,26",2
"11165,49",2
"4056,10",2
"14578,42",2
"758,63",2
"5068,11",2
"11259,30",2
"3743,71",2
"10758,17",2
"14521,15",2
"3755,30",2
"12610,96",2
"6361,05",2
"10558,37",2
"4117,63",2
"10301,08",2
"16546,20",2
"16137,03",2
"11701,36",2
"21869,51",2
"14182,48",2
"11706,26",2
"6539,43",2
"12480,93",2
"6359,27",2
"15179,58",2
"4795,04",2
"4120,29",2
"5613,20",2
"5105,97",2
"18862,81",2
"19458,14",2
"10916,99",2
"3215,37",2
"5189,11",2
"5219,88",2
"10322,86",2
"5648,66",2
"5010,47",2
"9614,27",2
"15719,45",2
"16420,18",2
"10864,31",2
"4973,75",2
"21741,91",2
"14445,53",2
"5086,83",2
"12177,61",2
"6404,17",2
"7638,77",2
"5231,15",2
"13416,95",2
"11628,32",2
"7118,15",2
"2964,62",2
"16258,92",2
"4838,03",2
"6497,57",2
"5114,50",2
"6901,62",2
"18954,76",2
"3857,51",2
"450,39",2
"17442,85",2
"8626,77",2
"11269,71",2
"8170,07",2
"4105,56",2
"5103,43",2
"6289,65",2
"15476,22",2
"16859,28",2
"8517,71",2
"4859,99",2
"3993,76",2
"14259,00",2
"2472,55",2
"11304,31",2
"8068,40",2
"14152,48",2
"4754,93",2
"6624,32",2
"17966,50",2
"3131,77",2
"16563,84",2
"20863,09",2
"13621,58",2
"6647,95",2
"18029,51",2
"6869,39",2
"8053,74",2
"5259,50",2
"12179,77",2
"5586,94",2
"23869,59",2
"7738,86",2
"15598,20",2
"12062,11",2
"10895,49",2
"18737,11",2
"7839,78",2
"12288,68",2
"7250,93",2
"5528,12",2
"7855,87",2
"15075,31",2
"4319,65",2
"5758,93",2
"5798,96",2
"5712,49",2
"7700,07",2
"8991,04",2
"6800,99",2
"3278,49",2
"11702,25",2
"4460,25",2
"15041,83",2
"6978,94",2
"20003,62",2
"1962,90",2
"3769,05",2
"8370,20",2
"11542,91",2
"28326,40",2
"11840,70",2
"25272,60",2
"5112,76",2
"9401,96",2
"11789,13",2
"12301,53",2
"11268,26",2
"5120,52",2
"5074,11",2
"17170,44",2
"13510,89",2
"4314,15",2
"6287,12",2
"4550,49",2
"16758,85",2
"13012,94",2
"5745,82",2
"16321,34",2
"7420,09",2
"2528,15",2
"3143,64",2
"15785,55",2
"3227,86",2
"15963,09",2
"14612,83",2
"6499,71",2
"10099,44",2
"5319,13",2
"57075,71",2
"4755,48",2
"5296,35",2
"5092,68",2
"5324,06",2
"13267,64",2
"40516,83",2
"12517,76",2
"3950,83",2
"10679,10",2
"6876,23",2
"4271,75",2
"7481,08",2
"10760,58",2
"4680,88",2
"6509,69",2
"10882,76",2
"4734,78",2
"15027,26",2
"14462,00",2
"5889,88",2
"6554,61",2
"6042,95",2
"18402,67",2
"13530,96",2
"17648,07",2
"4740,72",2
"10123,76",2
"10444,70",2
"2782,14",2
"9955,10",2
"15881,08",2
"19125,75",2
"8610,78",2
"8670,25",2
"7104,09",2
"2306,10",2
"5460,85",2
"9455,07",2
"4154,49",2
"2839,40",2
"6689,08",2
"14143,74",2
"9662,76",2
"5969,50",2
"10423,69",2
"109038,46",2
"9417,55",2
"6095,91",2
"7041,00",2
"7943,29",2
"2626,77",2
"8663,61",2
"4220,96",2
"4088,13",2
"8294,33",2
"7450,26",2
"6089,69",2
"25115,44",2
"9303,54",2
"10366,44",2
"10457,75",2
"178111,82",2
"25451,69",2
"11858,44",2
"4582,34",2
"17704,12",2
"5802,58",2
"6529,95",2
"5630,40",2
"14539,61",2
"58158,12",2
"14694,00",2
"11345,15",2
"9804,30",2
"4066,78",2
"8239,58",2
"7638,24",2
"6336,76",2
"17624,74",2
"13905,64",2
"5253,05",2
"11650,45",2
"4996,93",2
"13510,36",2
"5398,66",2
"12041,84",2
"5366,85",2
"9047,07",2
"7342,48",2
"5086,88",2
"19134,03",2
"4931,81",2
"6530,78",2
"19324,74",2
"3752,54",2
"5071,82",2
"32714,54",2
"25778,27",2
"20716,40",2
"4722,86",2
"4461,03",2
"4753,44",2
"16923,68",2
"5098,97",2
"5833,42",2
"5185,50",2
"3857,35",2
"4265,34",2
"5061,50",2
"3844,30",2
"9124,60",2
"4387,53",2
"11393,56",2
"16135,27",2
"8369,49",2
"11236,39",2
"7789,13",2
"17756,92",2
"7581,26",2
"4475,62",2
"3633,83",2
"4974,34",2
"8244,81",2
"5086,75",2
"5075,34",2
"6832,38",2
"6109,94",2
"4091,30",2
"17346,23",2
"8055,91",2
"3893,28",2
"9029,95",2
"5099,12",2
"17313,54",2
"7909,66",2
"15279,56",2
"14658,88",2
"5892,07",2
"1260,37",2
"3406,47",2
"18988,47",2
"6816,00",2
"4525,88",2
"14878,73",2
"21880,77",2
"10218,78",2
"15435,83",2
"19113,63",2
"6387,82",2
"36953,51",2
"3882,76",2
"13955,81",2
"7981,05",2
"5635,92",2
"16478,18",2
"4911,38",2
"10012,42",2
"17474,96",2
"18251,74",2
"8751,01",2
"11100,02",2
"4837,51",2
"4348,37",2
"15707,19",2
"14393,40",2
"5586,88",2
"6117,47",2
"10479,48",2
"5311,90",2
"10891,46",2
"10863,33",2
"5262,63",2
"19389,29",2
"3997,74",2
"12708,13",2
"10597,80",2
"5651,78",2
"6283,60",2
"1882,00",2
"11868,80",2
"4969,30",2
"9316,70",2
"24814,32",2
"7114,01",2
"5211,16",2
"4250,01",2
"32596,43",2
"19858,51",2
"11422,70",2
"11555,59",2
"4261,04",2
"7337,71",2
"4620,07",2
"4599,09",2
"6412,48",2
"4074,64",2
"14258,44",2
"10218,58",2
"4925,16",2
"13759,97",2
"14204,86",2
"8713,32",2
"3684,87",2
"16194,28",2
"11262,62",2
"11370,78",2
"17253,60",2
"7571,89",2
"8628,56",2
"5548,53",2
"3285,30",2
"5473,58",2
"4793,91",2
"10786,08",2
"10447,68",2
"14960,07",2
"7968,04",2
"6094,53",2
"3915,17",2
"11014,48",2
"4746,90",2
"10213,26",2
"18651,41",2
"18260,47",2
"16231,55",2
"11031,40",2
"16129,01",2
"13221,14",2
"12394,86",2
"23422,53",2
"16967,51",2
"8829,01",2
"14106,16",2
"18495,06",2
"14525,21",2
"14865,83",2
"14941,59",2
"8442,52",2
"10493,72",2
"10873,49",2
"18707,87",2
"5008,26",2
"23778,98",2
"31418,39",2
"19781,71",2
"4206,72",2
"4917,16",2
"15869,66",2
"15122,61",2
"22586,79",2
"11194,59",2
"5002,80",2
"3967,51",2
"3536,56",2
"15807,91",2
"3591,47",2
"5100,97",2
"4164,46",2
"17231,84",2
"10999,18",2
"18283,40",2
"3885,38",2
"15713,55",2
"10662,60",2
"15011,67",2
"45740,37",2
"6617,00",2
"6554,79",2
"4262,43",2
"14024,01",2
"4258,17",2
"8444,55",2
"3962,60",2
"5361,61",2
"15566,75",2
"20457,05",2
"4505,87",2
"15073,33",2
"9247,09",2
"4399,63",2
"11641,27",2
"10891,26",2
"11301,28",2
"21089,84",2
"22560,92",2
"4333,49",2
"20197,85",2
"6270,55",2
"23860,68",2
"3342,55",2
"5869,47",2
"4292,33",2
"10771,29",2
"7543,53",2
"12043,48",2
"14317,10",2
"3324,03",2
"14527,21",2
"8427,84",2
"12633,21",2
"17193,31",2
"11551,43",2
"5448,00",2
"20357,59",2
"15662,73",2
"8416,75",2
"2721,22",2
"20581,81",2
"5025,68",2
"6731,53",2
"11075,18",2
"3738,29",2
"14387,34",2
"5019,89",2
"9478,98",2
"13840,42",2
"5051,35",2
"6952,04",2
"7930,81",2
"10642,88",2
"4089,33",2
"4459,42",2
"7654,67",2
"6460,38",2
"8485,96",2
"4400,57",2
"10509,54",2
"16281,59",2
"3029,55",2
"4651,00",2
"8228,58",2
"3433,34",2
"10139,50",2
"24440,88",2
"7124,13",2
"7871,14",2
"11337,87",2
"5168,93",2
"4183,19",2
"8305,13",2
"7401,39",2
"8799,65",2
"6440,13",2
"16096,98",2
"6268,30",2
"7371,03",2
"4007,96",2
"11763,92",2
"13913,67",2
"3350,31",2
"17283,26",2
"4528,88",2
"8121,19",2
"21678,30",2
"16062,48",2
"10267,07",2
"15877,26",2
"4978,88",2
"8821,72",2
"15516,23",2
"16608,94",2
"4303,96",2
"8371,95",2
"12284,78",2
"4674,91",2
"38582,92",2
"2239,39",2
"3374,76",1
"13854,52",1
"8763,41",1
"5548,04",1
"4512,02",1
"6713,79",1
"3210,95",1
"3749,83",1
"4752,50",1
"6375,93",1
"4131,49",1
"6459,09",1
"4339,14",1
"19884,76",1
"23054,59",1
"5504,93",1
"7990,54",1
"8134,19",1
"13955,07",1
"4102,07",1
"10650,62",1
"5359,70",1
"4931,14",1
"21169,32",1
"17608,75",1
"13266,92",1
"17750,37",1
"9907,78",1
"16125,14",1
"11027,78",1
"4719,07",1
"7651,44",1
"99306,89",1
"16193,74",1
"17815,92",1
"5950,41",1
"5068,00",1
"3858,51",1
"5731,05",1
"2965,99",1
"8104,19",1
"6983,39",1
"8927,58",1
"11827,13",1
"13637,03",1
"4302,89",1
"8440,26",1
"5158,10",1
"3446,14",1
"4732,01",1
"8537,46",1
"8495,49",1
"5352,64",1
"3912,11",1
"9410,86",1
"6345,86",1
"10098,93",1
"15870,21",1
"10917,10",1
"26039,86",1
"7916,89",1
"5207,76",1
"5661,97",1
"8104,76",1
"9287,53",1
"5881,83",1
"7501,71",1
"7888,48",1
"6879,11",1
"5893,45",1
"17297,37",1
"4097,94",1
"9797,87",1
"7811,08",1
"11039,10",1
"3362,40",1
"4944,78",1
"7471,41",1
"4981,51",1
"10108,21",1
"13929,35",1
"6243,78",1
"5446,12",1
"7636,65",1
"5432,23",1
"6024,07",1
"10491,61",1
"8395,16",1
"16201,82",1
"3426,07",1
"4630,59",1
"6902,82",1
"4071,65",1
"4254,92",1
"7836,09",1
"5022,70",1
"2879,58",1
"12216,97",1
"4954,32",1
"15397,23",1
"17661,41",1
"4671,09",1
"15676,46",1
"9468,71",1
"7645,72",1
"16273,53",1
"7393,82",1
"10044,28",1
"13426,27",1
"18007,82",1
"9305,27",1
"4484,43",1
"4593,77",1
"19917,47",1
"7927,47",1
"6135,05",1
"6958,74",1
"6076,43",1
"3449,27",1
"17748,01",1
"9888,29",1
"4370,76",1
"11855,01",1
"6944,82",1
"5603,62",1
"10530,38",1
"4160,00",1
"3873,22",1
"6191,42",1
"13304,08",1
"11028,09",1
"9271,49",1
"10131,59",1
"4049,06",1
"10885,76",1
"5140,82",1
"5679,55",1
"5525,53",1
"8313,22",1
"4204,08",1
"14364,83",1
"6672,96",1
"3053,59",1
"10129,77",1
"5241,13",1
"32266,04",1
"8460,48",1
"3616,10",1
"15405,75",1
"3855,60",1
"843,71",1
"5235,47",1
"5361,09",1
"3833,50",1
"16107,35",1
"3827,90",1
"10102,96",1
"6170,51",1
"5531,66",1
"98,24",1
"3963,82",1
"5083,69",1
"79324,59",1
"7877,78",1
"4700,57",1
"5273,37",1
"3225,14",1
"-1417,56",1
"3506,17",1
"11113,30",1
"8654,61",1
"4954,14",1
"8905,24",1
"10133,93",1
"2162,47",1
"10057,37",1
"4308,94",1
"17798,99",1
"4530,29",1
"8060,16",1
"3501,50",1
"6168,01",1
"9591,92",1
"6582,15",1
"6467,00",1
"4914,96",1
"8374,18",1
"33724,32",1
"6383,95",1
"19014,90",1
"6903,34",1
"6394,35",1
"13230,06",1
"8066,40",1
"10591,79",1
"13878,47",1
"5726,20",1
"11921,44",1
"17008,41",1
"4018,70",1
"14914,67",1
"3457,58",1
"15015,26",1
"5333,58",1
"8023,61",1
"10545,96",1
"6278,49",1
"5016,73",1
"8877,34",1
"7956,28",1
"5054,99",1
"9471,38",1
"14719,50",1
"3698,09",1
"4131,52",1
"2575,87",1
"13428,71",1
"11987,35",1
"18681,18",1
"3789,04",1
"13736,15",1
"3219,06",1
"22168,72",1
"8663,62",1
"23497,10",1
"8110,42",1
"7102,34",1
"13815,74",1
"3860,41",1
"3184,25",1
"10470,52",1
"3996,67",1
"5188,02",1
"6071,61",1
"19023,04",1
"16425,74",1
"12353,67",1
"5543,23",1
"13371,91",1
"3914,87",1
"16413,98",1
"9742,07",1
"121856,46",1
"3070,22",1
"4230,68",1
"4469,89",1
"4498,57",1
"15584,93",1
"3375,18",1
"2655,00",1
"7828,80",1
"14385,95",1
"9900,96",1
"5369,78",1
"16395,22",1
"5736,00",1
"6364,68",1
"13355,81",1
"4443,49",1
"4498,78",1
"5055,45",1
"8001,47",1
"11804,20",1
"3100,57",1
"16370,29",1
"20186,76",1
"4147,41",1
"5963,15",1
"5814,35",1
"17663,59",1
"3154,52",1
"10673,82",1
"16805,75",1
"10771,80",1
"6877,28",1
"5603,88",1
"12892,89",1
"6484,53",1
"3248,72",1
"6671,14",1
"5558,99",1
"3803,35",1
"8351,48",1
"7919,16",1
"5648,80",1
"4408,98",1
"9235,37",1
"11124,74",1
"7120,33",1
"5762,21",1
"5877,26",1
"4935,44",1
"17675,99",1
"10837,28",1
"3829,83",1
"9262,61",1
"3997,38",1
"3514,36",1
"8505,31",1
"3176,37",1
"7093,64",1
"4230,23",1
"6737,47",1
"4375,47",1
"7398,05",1
"4702,69",1
"6042,08",1
"3526,56",1
"16966,73",1
"6066,59",1
"8200,76",1
"8014,18",1
"1447,47",1
"7263,12",1
"3753,77",1
"2739,45",1
"4724,78",1
"13810,62",1
"14049,47",1
"7792,93",1
"6516,07",1
"9076,90",1
"7952,08",1
"6449,76",1
"54529,51",1
"6715,12",1
"3767,15",1
"3569,22",1
"3865,80",1
"16550,05",1
"26351,16",1
"7928,08",1
"4738,40",1
"7995,54",1
"5561,01",1
"4730,04",1
"20057,69",1
"46774,47",1
"14986,03",1
"9620,79",1
"5160,23",1
"25090,99",1
"5967,43",1
"4445,61",1
"8577,79",1
"3540,63",1
"17028,52",1
"4467,54",1
"8317,97",1
"3693,98",1
"9931,65",1
"14541,86",1
"5100,58",1
"27828,42",1
"7736,19",1
"5330,66",1
"6579,18",1
"17171,99",1
"4665,95",1
"6342,19",1
"11385,41",1
"5250,78",1
"17841,30",1
"7998,29",1
"4841,31",1
"4394,43",1
"5701,74",1
"10394,39",1
"15404,26",1
"4982,08",1
"17430,18",1
"3703,08",1
"4990,51",1
"5676,83",1
"4032,85",1
"4271,69",1
"10577,41",1
"7987,76",1
"3981,33",1
"11050,15",1
"15061,22",1
"7632,32",1
"12212,31",1
"5759,43",1
"5001,14",1
"2086,05",1
"2746,29",1
"8689,70",1
"10959,36",1
"11816,78",1
"6006,43",1
"10323,50",1
"7207,72",1
"4547,78",1
"30155,54",1
"14416,69",1
"4467,59",1
"7382,20",1
"4728,60",1
"3888,93",1
"4491,84",1
"26668,93",1
"11447,91",1
"4764,75",1
"8009,87",1
"7902,99",1
"7003,17",1
"5457,14",1
"6307,64",1
"8994,91",1
"7693,21",1
"5193,62",1
"4217,85",1
"11894,59",1
"5829,45",1
"2888,46",1
"7300,14",1
"21501,94",1
"18938,83",1
"4778,08",1
"12879,82",1
"10320,60",1
"6243,77",1
"2338,50",1
"4434,21",1
"30130,75",1
"5641,98",1
"9508,39",1
"22446,66",1
"2822,50",1
"15329,28",1
"4491,57",1
"14130,97",1
"28968,39",1
"8929,32",1
"8792,54",1
"6035,57",1
"23218,78",1
"15288,45",1
"21393,54",1
"7121,79",1
"10529,09",1
"7776,11",1
"3971,37",1
"6045,02",1
"11005,19",1
"1325,69",1
"12992,14",1
"4319,43",1
"3319,15",1
"11685,73",1
"7722,28",1
"2727,24",1
"13761,39",1
"6181,78",1
"4644,28",1
"23442,86",1
"5294,22",1
"5791,27",1
"10297,51",1
"7640,41",1
"5005,07",1
"12780,86",1
"13951,64",1
"10032,11",1
"4775,41",1
"10245,08",1
"3836,39",1
"6606,75",1
"9327,51",1
"5136,53",1
"8283,70",1
"16931,88",1
"15143,33",1
"11003,32",1
"13230,89",1
"5983,97",1
"6980,89",1
"4393,99",1
"3788,13",1
"6109,44",1
"6733,36",1
"10251,69",1
"14902,98",1
"9515,47",1
"2812,22",1
"20987,21",1
"15062,25",1
"10557,25",1
"3984,48",1
"4981,77",1
"4481,59",1
"13952,12",1
"8397,52",1
"11868,94",1
"10971,77",1
"3501,84",1
"68999,43",1
"6234,22",1
"7508,31",1
"4846,31",1
"14758,91",1
"33783,79",1
"6826,85",1
"6502,27",1
"48286,89",1
"11544,06",1
"70179,69",1
"5639,99",1
"6779,98",1
"7804,34",1
"4062,57",1
"6585,86",1
"8876,10",1
"6152,75",1
"7483,96",1
"5434,09",1
"6187,62",1
"11973,90",1
"7342,41",1
"4970,93",1
"7419,13",1
"7129,75",1
"14311,14",1
"9057,91",1
"9302,65",1
"8088,93",1
"7965,51",1
"4086,10",1
"7376,45",1
"13450,63",1
"8612,87",1
"4184,52",1
"4598,53",1
"9410,16",1
"10386,20",1
"7513,96",1
"5989,96",1
"6719,26",1
"36785,15",1
"4232,17",1
"4809,38",1
"3699,68",1
"3527,45",1
"3600,92",1
"6420,67",1
"10199,19",1
"3240,87",1
"4907,41",1
"6692,71",1
"12882,75",1
"6541,38",1
"3967,90",1
"9997,54",1
"12849,51",1
"8220,14",1
"4313,51",1
"5164,96",1
"29002,45",1
"19403,18",1
"4644,20",1
"7923,15",1
"3919,41",1
"8955,66",1
"5019,77",1
"4490,56",1
"10505,43",1
"5503,23",1
"11540,64",1
"9719,21",1
"5312,13",1
"10505,54",1
"12556,14",1
"11356,36",1
"4296,94",1
"8454,17",1
"4036,21",1
"24991,35",1
"15299,91",1
"3352,69",1
"3433,57",1
"5120,46",1
"10622,66",1
"4695,80",1
"13939,15",1
"11627,76",1
"9879,27",1
"21232,80",1
"4894,45",1
"5452,74",1
"5080,05",1
"12387,58",1
"2851,01",1
"5719,97",1
"7152,04",1
"11849,14",1
"21185,38",1
"6401,64",1
"11580,55",1
"4952,90",1
"11023,23",1
"11012,38",1
"16746,09",1
"16423,77",1
"11349,08",1
"19170,10",1
"7482,04",1
"13630,62",1
"2662,47",1
"3822,34",1
"13264,23",1
"10616,65",1
"3825,17",1
"5782,45",1
"12377,13",1
"4173,22",1
"5771,77",1
"10576,80",1
"27,60",1
"9913,54",1
"6626,45",1
"4780,74",1
"7971,74",1
"4589,57",1
"10131,48",1
"7131,55",1
"11445,70",1
"4131,41",1
"3854,47",1
"18100,83",1
"4351,96",1
"11613,03",1
"5551,78",1
"3772,52",1
"11690,63",1
"7391,42",1
"11613,35",1
"9086,91",1
"3138,08",1
"15213,78",1
"5838,80",1
"8496,37",1
"4015,68",1
"27254,98",1
"7697,50",1
"4044,79",1
"62377,81",1
"7131,01",1
"5164,08",1
"11410,72",1
"6698,52",1
"6948,56",1
"4938,67",1
"13531,07",1
"242253,71",1
"7459,96",1
"4773,29",1
"7399,56",1
"4789,38",1
"4906,73",1
"8196,81",1
"94076,69",1
"11796,77",1
"6544,52",1
"5405,00",1
"4234,92",1
"14532,24",1
"9143,50",1
"9014,78",1
"5176,62",1
"6781,18",1
"16689,56",1
"14739,45",1
"16396,90",1
"4704,60",1
"4099,47",1
"11190,51",1
"4054,58",1
"20542,49",1
"5054,96",1
"5177,54",1
"8023,14",1
"4337,01",1
"6812,90",1
"6694,32",1
"4555,99",1
"4704,35",1
"199,30",1
"1789,00",1
"3032,66",1
"9379,96",1
"4710,76",1
"19360,31",1
"5677,93",1
"4085,89",1
"3334,42",1
"5018,47",1
"4441,55",1
"14772,11",1
"4765,01",1
"15228,27",1
"4067,32",1
"10508,14",1
"5745,60",1
"6451,90",1
"8100,11",1
"3016,34",1
"4309,71",1
"15598,67",1
"4704,31",1
"5061,32",1
"5083,22",1
"20704,48",1
"3926,88",1
"6099,55",1
"9231,14",1
"5462,47",1
"8411,04",1
"10927,46",1
"3263,67",1
"5676,42",1
"12872,29",1
"18111,94",1
"11469,10",1
"5324,47",1
"7903,18",1
"4787,56",1
"4351,86",1
"8069,45",1
"5630,54",1
"6701,33",1
"8958,49",1
"4864,94",1
"8035,46",1
"4563,90",1
"17018,72",1
"4726,64",1
"15999,27",1
"30015,09",1
"6275,72",1
"14493,40",1
"5938,64",1
"4727,02",1
"9563,73",1
"15696,85",1
"4854,20",1
"4941,18",1
"15362,92",1
"8628,04",1
"15697,09",1
"16246,82",1
"10044,98",1
"8408,34",1
"7191,48",1
"5432,65",1
"4672,79",1
"4740,50",1
"9884,23",1
"7977,65",1
"4034,75",1
"3667,83",1
"26292,67",1
"5545,96",1
"6271,14",1
"3221,40",1
"3617,25",1
"8623,38",1
"10964,93",1
"2480,61",1
"8724,68",1
"6558,16",1
"4819,73",1
"5940,00",1
"11087,59",1
"24513,41",1
"4667,20",1
"5871,30",1
"6783,03",1
"2687,71",1
"26838,57",1
"8746,17",1
"4946,56",1
"5689,76",1
"7707,82",1
"6870,73",1
"3161,90",1
"8772,26",1
"15425,56",1
"9549,89",1
"4459,51",1
"11840,06",1
"3097,20",1
"5800,22",1
"5527,77",1
"7893,93",1
"4457,39",1
"11475,83",1
"70593,87",1
"5249,38",1
"16657,48",1
"23568,05",1
"2214,94",1
"9913,74",1
"12419,74",1
"9690,34",1
"9720,24",1
"3891,33",1
"4177,44",1
"6219,44",1
"11005,39",1
"5354,28",1
"5644,62",1
"15413,85",1
"10561,93",1
"6923,86",1
"7479,51",1
"6919,47",1
"12382,52",1
"22044,69",1
"6453,78",1
"4441,31",1
"5021,82",1
"3861,31",1
"10044,16",1
"4320,32",1
"4219,81",1
"11080,65",1
"5328,54",1
"5371,05",1
"6608,04",1
"3153,23",1
"4735,87",1
"184284,88",1
"8345,84",1
"52813,35",1
"12555,65",1
"5483,07",1
"7891,87",1
"42102,84",1
"4718,33",1
"8024,84",1
"4153,23",1
"10894,55",1
"7625,78",1
"15585,53",1
"9084,86",1
"10543,95",1
"11035,99",1
"4471,78",1
"3172,40",1
"10280,93",1
"6306,78",1
"20857,55",1
"3908,97",1
"6077,04",1
"8494,66",1
"7264,57",1
"4799,02",1
"12767,47",1
"11045,40",1
"8323,03",1
"11485,09",1
"8006,67",1
"19969,88",1
"2263,63",1
"4175,93",1
"3770,71",1
"4007,39",1
"4161,36",1
"3491,31",1
"3480,21",1
"7262,45",1
"3258,08",1
"4571,65",1
"14847,27",1
"8662,77",1
"5293,99",1
"2782,26",1
"3420,30",1
"18006,65",1
"7929,43",1
"4218,15",1
"3897,83",1
"6673,43",1
"5126,25",1
"4036,43",1
"10270,71",1
"2940,24",1
"3765,19",1
"15927,57",1
"18381,58",1
"18431,48",1
"12068,44",1
"10948,68",1
"9303,88",1
"4425,84",1
"4417,17",1
"119851,32",1
"6826,72",1
"4195,35",1
"4260,83",1
"15004,40",1
"4808,67",1
"7640,69",1
"6656,23",1
"7917,94",1
"15415,06",1
"124396,72",1
"4029,48",1
"2982,19",1
"11578,66",1
"10347,58",1
"3973,18",1
"20590,99",1
"20416,75",1
"5663,37",1
"6146,50",1
"5097,06",1
"15352,05",1
"31804,47",1
"10455,84",1
"5349,81",1
"7633,66",1
"7782,50",1
"5296,91",1
"20366,84",1
"4209,43",1
"13400,79",1
"17428,41",1
"10339,34",1
"5569,34",1
"14272,68",1
"3014,96",1
"7717,99",1
"5208,97",1
"3804,70",1
"3519,67",1
"4163,29",1
"3683,23",1
"4020,77",1
"25145,33",1
"5310,70",1
"3366,79",1
"17419,89",1
"5328,87",1
"5053,26",1
"4957,32",1
"10050,44",1
"4572,43",1
"13959,43",1
"20348,87",1
"12493,08",1
"14323,02",1
"5907,02",1
"13729,30",1
"19611,49",1
"4546,00",1
"18290,59",1
"6447,76",1
"7291,25",1
"3748,08",1
"4478,61",1
"8479,06",1
"4768,89",1
"13284,79",1
"10535,13",1
"8046,36",1
"9520,12",1
"4835,88",1
"9502,59",1
"8680,96",1
"9031,85",1
"5677,18",1
"14959,24",1
"11419,05",1
"5270,63",1
"7523,44",1
"6460,57",1
"5643,59",1
"13704,34",1
"4858,25",1
"5049,27",1
"6280,19",1
"7696,42",1
"4068,41",1
"11079,04",1
"7147,00",1
"13342,16",1
"16067,16",1
"8789,46",1
"6923,57",1
"8478,00",1
"5190,57",1
"11280,37",1
"5110,27",1
"7082,95",1
"14602,03",1
"4511,63",1
"8851,82",1
"10128,39",1
"8069,71",1
"14668,96",1
"14796,23",1
"17412,53",1
"4018,72",1
"12640,69",1
"5710,83",1
"7195,10",1
"8901,56",1
"4192,07",1
"3965,72",1
"5641,29",1
"17180,55",1
"20507,17",1
"3488,18",1
"11223,71",1
"12733,70",1
"10601,15",1
"17572,61",1
"4141,03",1
"17245,65",1
"5276,41",1
"5499,65",1
"7820,05",1
"6446,95",1
"15629,57",1
"11035,48",1
"9490,20",1
"7125,46",1
"5445,61",1
"9108,20",1
"3974,45",1
"10494,95",1
"14936,29",1
"4215,25",1
"9026,69",1
"5803,72",1
"8396,67",1
"4617,80",1
"10061,44",1
"6059,36",1
"3458,69",1
"3532,22",1
"9716,76",1
"3988,71",1
"4960,19",1
"7913,04",1
"10947,99",1
"6258,21",1
"10077,60",1
"3716,84",1
"11068,58",1
"6069,35",1
"10109,50",1
"4693,73",1
"6749,82",1
"5882,33",1
"4377,48",1
"6805,79",1
"13471,47",1
"11365,57",1
"11313,43",1
"8869,69",1
"4290,31",1
"5172,24",1
"8598,70",1
"10100,46",1
"7913,36",1
"3028,53",1
"18784,23",1
"15945,57",1
"8499,13",1
"18594,64",1
"10761,72",1
"3775,13",1
"4907,68",1
"7800,92",1
"3111,02",1
"3634,55",1
"8052,05",1
"7421,55",1
"7397,40",1
"15865,49",1
"7960,20",1
"6528,10",1
"11084,59",1
"4849,42",1
"17175,94",1
"9443,94",1
"7153,58",1
"5113,87",1
"3451,68",1
"6398,00",1
"4669,62",1
"5581,31",1
"5505,59",1
"7922,19",1
"13285,25",1
"6581,14",1
"6725,76",1
"1872,21",1
"8686,29",1
"4411,04",1
"10937,68",1
"4794,67",1
"7888,41",1
"5188,96",1
"4211,54",1
"7928,22",1
"7718,55",1
"19671,20",1
"6939,99",1
"8217,60",1
"15595,96",1
"5418,72",1
"7984,99",1
"10010,92",1
"3510,29",1
"13277,41",1
"5445,47",1
"11946,21",1
"4195,89",1
"5870,42",1
"3056,73",1
"4167,65",1
"4352,13",1
"3010,60",1
"5939,31",1
"3907,28",1
"4727,12",1
"10949,48",1
"4931,37",1
"5460,31",1
"10980,51",1
"9763,39",1
"43477,26",1
"4830,83",1
"7906,44",1
"7470,04",1
"18232,38",1
"4430,34",1
"66184,55",1
"4316,76",1
"7712,81",1
"11078,01",1
"15980,63",1
"6305,27",1
"9915,36",1
"9094,57",1
"76704,64",1
"10189,20",1
"10496,15",1
"6938,74",1
"2844,24",1
"4672,59",1
"5115,15",1
"10145,52",1
"7404,54",1
"14115,50",1
"7256,48",1
"5978,44",1
"17876,69",1
"8953,71",1
"5697,22",1
"33919,23",1
"7293,11",1
"13020,43",1
"7954,25",1
"5129,16",1
"7856,29",1
"6334,22",1
"8528,32",1
"11515,73",1
"15478,07",1
"3322,40",1
"4586,63",1
"5220,57",1
"11457,79",1
"3778,70",1
"3614,56",1
"15249,13",1
"6761,69",1
"15057,39",1
"9236,33",1
"18660,27",1
"5832,28",1
"9354,00",1
"23802,34",1
"4282,48",1
"11945,96",1
"8515,93",1
"5452,89",1
"5027,92",1
"7272,87",1
"14007,95",1
"4049,88",1
"5215,54",1
"7411,04",1
"4432,04",1
"4337,61",1
"8184,76",1
"3054,36",1
"4593,20",1
"9640,14",1
"4668,66",1
"4197,85",1
"6814,63",1
"9189,77",1
"10580,69",1
"8055,70",1
"4175,61",1
"9025,78",1
"3292,96",1
"8336,88",1
"6384,13",1
"11508,76",1
"7935,04",1
"13563,36",1
"3149,65",1
"5219,19",1
"9487,76",1
"5546,76",1
"4862,63",1
"4631,65",1
"3841,77",1
"6978,66",1
"5452,30",1
"10932,25",1
"6550,80",1
"5685,94",1
"5915,44",1
"4400,78",1
"3739,51",1
"5127,79",1
"6961,84",1
"10391,95",1
"3883,04",1
"9543,27",1
"10606,44",1
"9535,12",1
"13050,82",1
"9709,14",1
"4738,99",1
"6145,46",1
"39720,17",1
"7829,07",1
"4741,70",1
"3524,75",1
"4232,51",1
"7986,14",1
"2794,34",1
"15728,59",1
"3777,79",1
"3898,86",1
"4626,54",1
"3499,31",1
"6944,73",1
"4008,47",1
"6787,55",1
"15077,75",1
"6191,68",1
"4414,93",1
"4347,24",1
"11545,53",1
"12856,66",1
"3867,19",1
"4525,27",1
"6864,19",1
"15865,42",1
"50941,84",1
"5281,36",1
"8483,33",1
"16914,39",1
"3728,69",1
"11471,60",1
"5820,76",1
"4254,29",1
"16344,87",1
"7956,08",1
"3721,03",1
"17360,88",1
"9685,15",1
"10524,32",1
"8902,22",1
"14115,82",1
"8372,42",1
"15389,51",1
"3509,49",1
"16838,14",1
"8251,80",1
"7506,76",1
"2187,44",1
"8245,29",1
"8528,71",1
"1665,22",1
"4719,91",1
"4774,26",1
"14586,86",1
"3887,25",1
"6197,60",1
"3337,28",1
"2634,96",1
"5386,09",1
"5536,76",1
"3949,40",1
"9261,24",1
"4932,71",1
"4563,43",1
"9294,08",1
"11888,87",1
"5106,32",1
"22376,41",1
"16056,55",1
"8589,77",1
"3613,24",1
"5745,42",1
"4994,25",1
"5735,92",1
"4996,24",1
"6514,88",1
"10594,21",1
"15760,91",1
"4587,60",1
"6142,17",1
"6993,78",1
"7584,71",1
"9263,79",1
"7433,39",1
"11698,14",1
"5523,40",1
"5360,37",1
"11020,62",1
"15625,65",1
"4671,83",1
"17565,73",1
"18002,04",1
"20132,12",1
"4241,29",1
"9688,90",1
"3927,56",1
"3837,09",1
"3638,05",1
"8264,40",1
"10249,98",1
"6824,75",1
"3661,30",1
"6791,35",1
"11079,80",1
"4005,79",1
"4112,88",1
"4278,65",1
"10991,92",1
"4409,15",1
"5319,48",1
"10166,64",1
"10575,54",1
"13348,77",1
"4256,51",1
"3677,99",1
"8543,98",1
"5714,85",1
"10090,08",1
"8751,19",1
"3946,17",1
"6303,32",1
"7949,76",1
"10252,32",1
"6850,43",1
"9065,79",1
"6363,25",1
"17052,85",1
"9395,29",1
"4398,42",1
"4923,28",1
"10199,37",1
"4283,82",1
"4808,66",1
"5829,25",1
"5297,68",1
"4607,58",1
"9130,91",1
"38551,76",1
"3510,42",1
"4633,37",1
"4911,02",1
"4381,87",1
"11927,82",1
"10702,52",1
"4969,64",1
"8160,09",1
"5856,45",1
"6552,26",1
"5670,12",1
"10958,00",1
"4718,07",1
"3554,24",1
"14484,99",1
"6450,14",1
"5132,50",1
"5109,87",1
"12834,56",1
"12884,92",1
"13115,53",1
"3734,96",1
"4889,88",1
"13300,88",1
"5136,97",1
"7651,60",1
"8519,15",1
"5400,62",1
"3690,19",1
"4941,08",1
"4724,15",1
"5110,61",1
"5016,93",1
"12603,53",1
"13268,23",1
"4377,75",1
"19760,95",1
"5981,78",1
"9775,41",1
"8288,21",1
"11109,64",1
"14975,86",1
"4967,20",1
"8461,67",1
"26751,27",1
"19251,66",1
"3549,39",1
"7961,83",1
"6474,23",1
"11750,74",1
"5578,92",1
"10805,21",1
"4963,17",1
"10488,99",1
"16609,20",1
"7128,99",1
"10718,57",1
"8496,92",1
"4644,36",1
"7058,03",1
"30424,21",1
"10509,96",1
"7545,54",1
"8275,51",1
"5809,00",1
"7546,98",1
"13936,72",1
"8339,05",1
"2791,00",1
"2484,82",1
"4323,28",1
"9706,28",1
"24195,40",1
"7691,72",1
"18327,20",1
"10606,37",1
"6748,88",1
"8796,64",1
"7457,37",1
"16487,20",1
"8717,32",1
"13236,11",1
"4794,35",1
"5155,59",1
"4634,48",1
"4261,02",1
"6714,44",1
"40346,65",1
"4625,33",1
"6991,92",1
"5533,32",1
"10534,24",1
"10260,98",1
"4005,57",1
"10012,54",1
"3882,30",1
"5015,63",1
"5060,46",1
"4664,07",1
"4355,79",1
"6155,22",1
"14822,94",1
"23187,09",1
"4689,60",1
"21436,53",1
"13614,53",1
"5019,88",1
"4660,07",1
"18556,06",1
"6984,91",1
"6124,74",1
"7029,90",1
"3477,37",1
"5909,88",1
"17611,78",1
"4687,61",1
"49761,12",1
"17133,29",1
"14661,62",1
"4381,44",1
"14302,43",1
"5239,00",1
"16180,47",1
"4797,53",1
"2955,81",1
"10238,09",1
"10175,81",1
"9588,57",1
"11020,09",1
"10837,27",1
"9203,44",1
"18350,32",1
"4144,36",1
"3072,74",1
"6394,63",1
"6246,00",1
"6695,92",1
"10559,97",1
"3626,16",1
"10111,39",1
"3122,95",1
"3999,32",1
"4878,61",1
"22557,29",1
"5106,23",1
"11859,25",1
"3082,11",1
"7560,08",1
"11669,79",1
"7547,66",1
"4724,30",1
"4691,72",1
"9850,26",1
"6307,08",1
"11091,44",1
"46868,57",1
"8633,68",1
"10162,83",1
"9819,26",1
"11091,84",1
"3238,50",1
"16043,57",1
"3218,66",1
"7782,72",1
"4718,82",1
"14482,59",1
"3892,15",1
"4894,80",1
"13078,65",1
"8232,65",1
"4553,12",1
"2896,11",1
"16753,23",1
"3956,80",1
"8222,37",1
"12165,38",1
"14277,80",1
"8702,46",1
"3546,81",1
"5085,12",1
"9893,18",1
"7255,73",1
"16140,61",1
"15297,16",1
"3633,45",1
"14922,54",1
"7941,92",1
"10501,54",1
"14846,17",1
"5931,04",1
"3773,27",1
"5214,77",1
"9083,55",1
"14515,09",1
"194306,97",1
"10657,44",1
"4777,82",1
"8999,10",1
"9714,70",1
"4702,28",1
"10919,74",1
"4120,49",1
"7998,07",1
"4275,20",1
"8316,87",1
"4145,92",1
"16540,12",1
"6162,61",1
"18103,05",1
"10056,68",1
"16579,07",1
"9190,76",1
"4470,89",1
"8739,24",1
"6791,22",1
"12730,15",1
"15394,62",1
"5725,07",1
"7678,53",1
"10608,95",1
"5544,82",1
"18330,67",1
"14725,72",1
"7828,68",1
"6325,54",1
"7356,05",1
"4648,31",1
"4256,27",1
"85649,92",1
"4138,41",1
"6044,83",1
"4572,10",1
"20576,75",1
"17075,35",1
"4712,35",1
"11065,55",1
"10223,31",1
"4492,10",1
"15330,31",1
"15037,01",1
"15987,95",1
"4426,88",1
"13725,86",1
"15127,75",1
"10338,10",1
"10087,90",1
"10712,05",1
"7555,03",1
"6691,95",1
"15456,13",1
"7776,33",1
"4771,12",1
"16951,80",1
"15737,30",1
"2131,00",1
"9053,01",1
"5566,62",1
"7763,31",1
"10973,70",1
"6694,67",1
"5599,94",1
"5302,16",1
"10278,48",1
"3121,44",1
"32170,05",1
"16556,89",1
"7018,73",1
"20826,05",1
"4381,18",1
"10993,54",1
"6433,51",1
"10189,43",1
"4568,96",1
"3666,09",1
"5128,70",1
"6808,53",1
"7999,06",1
"4277,43",1
"11489,10",1
"8364,36",1
"3051,70",1
"4341,48",1
"4030,21",1
"5327,25",1
"8189,56",1
"9545,48",1
"9775,95",1
"4496,40",1
"15456,33",1
"7247,27",1
"4541,80",1
"6604,40",1
"6080,30",1
"8694,89",1
"4645,24",1
"19734,39",1
"20526,78",1
"5497,33",1
"14695,23",1
"10312,86",1
"5829,62",1
"10765,99",1
"7449,45",1
"6585,88",1
"6634,35",1
"10590,08",1
"10089,93",1
"5112,82",1
"13932,97",1
"23373,21",1
"4163,79",1
"9385,45",1
"7667,30",1
"14854,33",1
"10684,72",1
"15122,99",1
"15296,14",1
"7727,51",1
"14157,22",1
"6321,23",1
"4612,40",1
"7025,80",1
"5914,85",1
"10964,91",1
"14629,84",1
"15140,50",1
"5464,21",1
"3098,21",1
"16973,17",1
"9722,86",1
"6534,90",1
"15289,04",1
"8354,99",1
"16915,02",1
"4389,35",1
"10942,07",1
"3546,31",1
"5428,08",1
"4484,49",1
"4527,24",1
"8124,71",1
"4126,93",1
"3958,50",1
"11855,03",1
"6701,14",1
"10593,34",1
"8305,87",1
"11039,64",1
"27170,45",1
"8711,27",1
"16051,35",1
"5201,60",1
"28116,81",1
"13777,99",1
"5198,55",1
"15966,15",1
"16138,29",1
"9987,27",1
"9077,39",1
"4618,37",1
"14860,40",1
"2788,73",1
"13925,66",1
"5062,31",1
"3308,98",1
"13866,18",1
"6691,90",1
"8008,06",1
"3770,06",1
"15748,49",1
"17530,15",1
"10918,43",1
"5289,57",1
"18255,15",1
"7935,62",1
"3762,74",1
"9226,94",1
"12782,82",1
"8131,44",1
"6538,27",1
"6966,42",1
"5296,52",1
"3564,76",1
"6468,70",1
"6242,98",1
"10215,04",1
"16904,16",1
"19145,36",1
"4495,71",1
"5378,53",1
"6212,54",1
"4179,29",1
"17834,80",1
"4514,03",1
"13332,40",1
"8414,88",1
"4918,54",1
"9954,98",1
"4705,58",1
"5209,42",1
"11061,91",1
"10162,79",1
"8405,76",1
"4082,11",1
"5576,02",1
"12012,88",1
"7210,90",1
"5991,19",1
"6066,94",1
"14199,56",1
"11098,37",1
"7667,33",1
"20678,23",1
"17224,13",1
"4058,38",1
"18190,36",1
"122,00",1
"3644,44",1
"15761,81",1
"6402,78",1
"2568,93",1
"4914,95",1
"10276,59",1
"4854,55",1
"7120,27",1
"7298,39",1
"6882,13",1
"5068,21",1
"5778,81",1
"18756,64",1
"17035,28",1
"16377,40",1
"8072,14",1
"5832,09",1
"4632,73",1
"5901,35",1
"9188,54",1
"3182,49",1
"9109,57",1
"9992,99",1
"4465,13",1
"3588,87",1
"4698,72",1
"4615,00",1
"17843,18",1
"11002,56",1
"4113,80",1
"4023,05",1
"7880,53",1
"10154,71",1
"3665,09",1
"7414,24",1
"4391,09",1
"5009,77",1
"10619,02",1
"11427,99",1
"8225,82",1
"4126,78",1
"4491,89",1
"8888,02",1
"3321,93",1
"11724,66",1
"7748,79",1
"2705,68",1
"6069,00",1
"7580,72",1
"4265,08",1
"10621,15",1
"5913,04",1
"3971,55",1
"9503,21",1
"6425,05",1
"5380,30",1
"6051,64",1
"10635,99",1
"12390,57",1
"3597,58",1
"3443,03",1
"3856,34",1
"7225,90",1
"10262,16",1
"22442,25",1
"13359,72",1
"17535,99",1
"5516,35",1
"11410,74",1
"12978,11",1
"7484,12",1
"7838,52",1
"16872,11",1
"17551,52",1
"11032,34",1
"9916,50",1
"2795,97",1
"6642,30",1
"15026,14",1
"35415,65",1
"4805,98",1
"16872,38",1
"6816,30",1
"10114,34",1
"23425,07",1
"859,04",1
"15456,74",1
"10983,34",1
"6728,44",1
"17322,91",1
"15040,56",1
"4917,33",1
"16128,21",1
"28888,88",1
"19347,02",1
"16795,52",1
"4224,29",1
"4775,55",1
"155996,11",1
"3402,16",1
"5220,54",1
"2507,24",1
"-706,93",1
"13727,47",1
"13793,42",1
"7433,12",1
"7640,51",1
"5885,76",1
"6940,65",1
"4831,34",1
"284599,19",1
"5793,45",1
"6172,77",1
"4583,94",1
"4343,44",1
"15553,82",1
"15166,48",1
"13338,76",1
"4311,88",1
"6930,30",1
"5788,50",1
"3514,78",1
"15002,67",1
"10033,93",1
"5707,88",1
"5760,74",1
"7212,52",1
"3563,30",1
"3343,48",1
"9083,70",1
"7253,06",1
"6440,18",1
"10909,79",1
"6169,61",1
"7574,02",1
"4019,95",1
"18055,03",1
"15089,15",1
"5809,01",1
"10708,81",1
"18168,48",1
"9889,33",1
"13741,30",1
"18898,46",1
"10697,24",1
"19761,59",1
"6403,63",1
"7615,55",1
"80339,96",1
"10952,14",1
"125048,11",1
"12804,13",1
"6367,13",1
"5153,86",1
"13508,17",1
"5696,00",1
"19895,54",1
"18933,12",1
"11687,01",1
"4032,43",1
"11932,66",1
"19398,11",1
"7927,43",1
"4239,72",1
"11512,57",1
"11957,48",1
"20242,50",1
"4941,40",1
"29053,65",1
"21939,72",1
"9758,55",1
"4796,60",1
"6817,25",1
"9715,32",1
"2400,51",1
"7587,41",1
"5881,44",1
"8664,64",1
"10534,27",1
"5657,80",1
"3540,51",1
"8608,76",1
"7931,55",1
"7273,56",1
"14036,77",1
"15032,13",1
"3268,69",1
"8888,38",1
"8208,58",1
"5218,65",1
"8302,50",1
"16186,38",1
"6667,74",1
"7077,59",1
"4902,00",1
"19006,87",1
"6190,85",1
"6607,38",1
"9872,18",1
"5608,86",1
"10371,35",1
"13286,99",1
"16458,17",1
"2367,42",1
"10494,45",1
"2776,81",1
"6628,43",1
"7398,78",1
"3657,10",1
"8056,57",1
"7970,02",1
"2935,28",1
"15007,94",1
"13317,57",1
"7621,52",1
"10587,91",1
"5543,24",1
"33911,76",1
"7931,01",1
"17283,97",1
"9710,83",1
"6313,19",1
"16673,94",1
"4777,41",1
"6034,57",1
"11075,75",1
"3514,81",1
"9706,51",1
"3826,09",1
"18182,84",1
"8677,32",1
"9263,40",1
"5216,81",1
"5158,84",1
"5475,63",1
"8660,66",1
"4140,41",1
"2756,18",1
"15567,31",1
"17343,47",1
"9718,76",1
"10071,83",1
"5379,19",1
"5980,96",1
"4818,06",1
"5087,52",1
"8169,59",1
"8448,54",1
"4331,71",1
"5358,40",1
"13970,12",1
"8147,53",1
"4228,71",1
"17068,25",1
"6882,76",1
"9707,50",1
"11420,09",1
"4887,70",1
"3252,10",1
"7932,67",1
"4992,80",1
"4078,13",1
"6628,18",1
"14470,90",1
"10547,60",1
"2715,02",1
"12898,18",1
"5042,61",1
"4961,71",1
"14495,17",1
"8083,65",1
"17227,56",1
"7653,13",1
"7970,79",1
"13806,82",1
"7031,67",1
"12794,07",1
"7868,34",1
"18629,04",1
"5370,29",1
"10667,51",1
"8658,92",1
"7362,50",1
"17575,66",1
"15408,61",1
"11145,72",1
"16078,27",1
"9861,19",1
"4694,46",1
"4511,34",1
"13717,36",1
"4438,88",1
"1436,08",1
"8255,94",1
"8424,42",1
"6701,92",1
"3798,85",1
"8994,50",1
"6555,31",1
"19804,45",1
"9907,25",1
"15802,47",1
"5486,63",1
"6491,35",1
"3384,03",1
"6498,63",1
"9402,97",1
"7700,92",1
"19243,80",1
"15863,38",1
"4591,09",1
"6824,78",1
"6851,47",1
"10716,52",1
"4821,50",1
"4310,30",1
"4741,68",1
"13643,24",1
"15107,34",1
"20572,05",1
"3270,42",1
"5852,17",1
"4124,37",1
"10965,56",1
"8093,84",1
"9087,18",1
"11003,77",1
"23857,55",1
"4641,96",1
"12884,93",1
"2880,82",1
"4833,38",1
"1396,57",1
"13685,38",1
"3824,63",1
"10594,05",1
"63674,18",1
"4099,84",1
"3915,43",1
"16249,58",1
"13772,85",1
"5004,08",1
"5670,47",1
"18442,11",1
"7940,54",1
"14304,48",1
"7551,54",1
"2947,15",1
"5335,99",1
"3925,62",1
"5524,08",1
"8851,38",1
"7223,89",1
"1151,34",1
"9700,28",1
"4420,98",1
"8528,18",1
"32785,50",1
"7096,13",1
"10207,69",1
"6970,54",1
"9763,02",1
"7546,64",1
"3220,10",1
"15969,76",1
"30173,53",1
"7654,88",1
"3068,58",1
"15473,44",1
"10956,75",1
"5866,04",1
"4073,28",1
"13378,96",1
"8767,10",1
"10089,06",1
"5703,71",1
"4558,93",1
"2873,08",1
"20284,57",1
"16247,18",1
"4342,13",1
"6264,07",1
"2953,50",1
"8799,25",1
"17747,27",1
"5160,13",1
"6757,05",1
"7941,02",1
"3765,18",1
"6349,51",1
"3769,15",1
"4333,98",1
"5725,51",1
"3054,52",1
"18894,27",1
"7039,31",1
"16082,86",1
"13033,12",1
"1947,64",1
"6233,17",1
"11408,77",1
"25855,12",1
"4536,63",1
"18114,53",1
"4952,84",1
"6666,99",1
"16854,15",1
"12442,24",1
"23971,42",1
"5072,10",1
"21729,14",1
"10801,62",1
"5873,01",1
"7812,81",1
"10245,37",1
"8979,72",1
"4368,82",1
"2857,31",1
"40441,30",1
"13442,56",1
"3787,05",1
"19813,07",1
"57026,64",1
"12844,27",1
"21659,61",1
"10709,12",1
"10496,89",1
"16070,43",1
"24409,35",1
"11094,73",1
"9870,54",1
"7375,09",1
"19328,01",1
"3918,15",1
"8931,23",1
"6975,71",1
"7962,61",1
"2810,69",1
"21163,60",1
"8964,77",1
"4858,74",1
"15856,51",1
"23296,35",1
"11132,94",1
"4588,06",1
"13425,84",1
"7694,92",1
"3106,91",1
"7204,57",1
"924,24",1
"19534,56",1
"4009,71",1
"10498,73",1
"3214,71",1
"12937,96",1
"10330,33",1
"6850,45",1
"9774,06",1
"4511,66",1
"6635,57",1
"9577,96",1
"4452,33",1
"8312,22",1
"3771,24",1
"2899,39",1
"36262,36",1
"14007,77",1
"4926,65",1
"13328,30",1
"7183,90",1
"15125,85",1
"4647,65",1
"11277,97",1
"9368,06",1
"8360,56",1
"8193,28",1
"7792,26",1
"3762,72",1
"10245,14",1
"11016,44",1
"12688,54",1
"6683,25",1
"5332,46",1
"4346,51",1
"5877,78",1
"8418,44",1
"15560,59",1
"7063,69",1
"7546,31",1
"4875,44",1
"10008,47",1
"5125,86",1
"10774,47",1
"17291,34",1
"7926,17",1
"5025,60",1
"3649,62",1
"6666,55",1
"8337,77",1
"10561,56",1
"4688,55",1
"5192,83",1
"10434,69",1
"6118,38",1
"9031,82",1
"4238,23",1
"11813,48",1
"11448,66",1
"6606,32",1
"10002,07",1
"6206,34",1
"9722,47",1
"14259,02",1
"5455,48",1
"8391,21",1
"4375,42",1
"4265,93",1
"5583,65",1
"11019,68",1
"4169,56",1
"7637,25",1
"6021,44",1
"16204,78",1
"10160,91",1
"5495,12",1
"12322,12",1
"13240,91",1
"16665,19",1
"13175,56",1
"8182,90",1
"6046,13",1
"8263,32",1
"6348,40",1
"5175,08",1
"8351,97",1
"8156,39",1
"8283,21",1
"4440,54",1
"3918,55",1
"5992,55",1
"4108,17",1
"26270,83",1
"3053,96",1
"10912,33",1
"30761,14",1
"11892,20",1
"5291,76",1
"13561,00",1
"12533,43",1
"15789,90",1
"19284,08",1
"8942,14",1
"3544,53",1
"2334,17",1
"6353,61",1
"17538,16",1
"6304,39",1
"5058,59",1
"23334,73",1
"6573,52",1
"4019,28",1
"5342,28",1
"4814,30",1
"6940,98",1
"15423,79",1
"9875,63",1
"22029,86",1
"5270,19",1
"3112,34",1
"4305,44",1
"4596,08",1
"7719,47",1
"10774,98",1
"7834,64",1
"4300,30",1
"6968,60",1
"7943,07",1
"4827,47",1
"7956,25",1
"3962,00",1
"20021,40",1
"5264,15",1
"5100,46",1
"8268,63",1
"3883,17",1
"4546,32",1
"2968,15",1
"10215,13",1
"14965,01",1
"14354,57",1
"5725,70",1
"8105,22",1
"8216,24",1
"3339,47",1
"4233,76",1
"12864,33",1
"11329,80",1
"3364,80",1
"8361,26",1
"4168,71",1
"4702,71",1
"11849,25",1
"9077,00",1
"10350,24",1
"3338,96",1
"4327,64",1
"4932,25",1
"5734,12",1
"6735,61",1
"10266,32",1
"11088,13",1
"11697,13",1
"4611,84",1
"13097,51",1
"3384,42",1
"13707,17",1
"12733,20",1
"5937,84",1
"7792,15",1
"4307,69",1
"6768,57",1
"4783,46",1
"7063,35",1
"3453,07",1
"6521,13",1
"7003,93",1
"48788,59",1
"10569,01",1
"5312,56",1
"3016,10",1
"6731,91",1
"6592,96",1
"5281,60",1
"5912,99",1
"15704,06",1
"2815,14",1
"18907,56",1
"9418,28",1
"5080,45",1
"6119,39",1
"3125,57",1
"4868,13",1
"4326,22",1
"6386,68",1
"3122,14",1
"5223,62",1
"8148,06",1
"3680,60",1
"5465,59",1
"7704,28",1
"5004,31",1
"6872,63",1
"6463,93",1
"11539,01",1
"5746,37",1
"5667,82",1
"9969,97",1
"8373,52",1
"5253,65",1
"90379,87",1
"15012,50",1
"7768,93",1
"8764,32",1
"11505,11",1
"4012,48",1
"10035,76",1
"7288,47",1
"8729,46",1
"8100,54",1
"17178,71",1
"10987,98",1
"5073,57",1
"10550,03",1
"8620,88",1
"12976,09",1
"6873,27",1
"7417,77",1
"10548,23",1
"3498,56",1
"9140,81",1
"5653,88",1
"7972,74",1
"6116,61",1
"5872,03",1
"8169,14",1
"8228,39",1
"15843,23",1
"5979,34",1
"12961,58",1
"24172,67",1
"5355,48",1
"18518,33",1
"3404,53",1
"16264,98",1
"17702,44",1
"3191,33",1
"12739,96",1
"8289,98",1
"4852,29",1
"15665,58",1
"4470,41",1
"7310,36",1
"4505,51",1
"15399,46",1
"12850,83",1
"3592,19",1
"3538,45",1
"21866,84",1
"7297,14",1
"4100,97",1
"5552,96",1
"10947,19",1
"11174,71",1
"10222,22",1
"9775,00",1
"10217,53",1
"14620,69",1
"7363,95",1
"4947,31",1
"10542,48",1
"3650,42",1
"3862,10",1
"9852,95",1
"5018,12",1
"10505,77",1
"5319,75",1
"9689,33",1
"3226,65",1
"7828,59",1
"10273,58",1
"4625,87",1
"13475,17",1
"3878,77",1
"3742,05",1
"8879,09",1
"7574,18",1
"7510,55",1
"4112,37",1
"3389,59",1
"16155,15",1
"9783,29",1
"9823,49",1
"5060,96",1
"8349,67",1
"12831,54",1
"14133,04",1
"6524,86",1
"9500,39",1
"5952,74",1
"6522,13",1
"5056,08",1
"5768,44",1
"11045,36",1
"6556,07",1
"10659,42",1
"7312,65",1
"3750,92",1
"2692,43",1
"3840,70",1
"5749,41",1
"9774,43",1
"4580,40",1
"4713,72",1
"3249,15",1
"8707,63",1
"15080,31",1
"34793,45",1
"14721,89",1
"15757,78",1
"3887,45",1
"13418,72",1
"6437,31",1
"132708,54",1
"15588,97",1
"8371,13",1
"13162,10",1
"13208,51",1
"6361,76",1
"3611,86",1
"8532,82",1
"4984,87",1
"23959,10",1
"18064,21",1
"5698,31",1
"4338,29",1
"7631,37",1
"11008,46",1
"3807,28",1
"14838,34",1
"3264,29",1
"4188,34",1
"6930,85",1
"4149,71",1
"7975,48",1
"547,96",1
"4090,30",1
"4138,19",1
"3122,75",1
"894,36",1
"4859,84",1
"7886,78",1
"16088,47",1
"5062,34",1
"4593,09",1
"10826,75",1
"7362,35",1
"2945,90",1
"5248,69",1
"15822,17",1
"4797,75",1
"4422,66",1
"18983,01",1
"13845,56",1
"4936,69",1
"8654,67",1
"6428,91",1
"11007,39",1
"15555,66",1
"6971,61",1
"4956,24",1
"9117,76",1
"383,67",1
"5406,69",1
"8395,78",1
"7146,12",1
"7481,86",1
"6331,51",1
"5300,23",1
"9843,08",1
"10600,36",1
"4980,79",1
"4057,25",1
"4710,26",1
"10653,78",1
"3188,33",1
"9771,91",1
"7460,06",1
"5618,57",1
"6687,71",1
"8706,56",1
"8241,95",1
"7879,71",1
"7699,93",1
"3568,13",1
"11805,69",1
"14709,93",1
"12813,52",1
"6114,79",1
"11131,17",1
"9389,59",1
"6879,09",1
"16337,47",1
"3188,29",1
"3866,76",1
"35147,96",1
"9787,98",1
"10083,39",1
"12994,00",1
"12475,19",1
"11616,34",1
"3290,18",1
"3741,06",1
"4182,98",1
"4123,81",1
"16262,34",1
"7039,36",1
"14868,58",1
"9771,35",1
"5957,01",1
"6534,83",1
"15044,34",1
"20264,45",1
"3577,18",1
"4820,53",1
"15874,81",1
"14023,03",1
"3667,79",1
"32705,53",1
"18930,88",1
"4708,18",1
"52627,52",1
"10644,20",1
"5278,42",1
"4633,76",1
"15278,17",1
"6264,14",1
"4351,90",1
"4349,88",1
"6623,85",1
"10981,98",1
"14559,49",1
"5693,13",1
"17549,29",1
"9900,83",1
"4278,66",1
"16850,52",1
"4164,77",1
"5481,11",1
"17706,64",1
"9175,22",1
"7744,91",1
"10397,86",1
"5716,36",1
"12778,87",1
"15345,50",1
"4320,67",1
"12299,09",1
"11481,23",1
"20065,01",1
"3095,68",1
"4792,13",1
"7371,45",1
"5224,27",1
"13347,36",1
"6993,61",1
"4990,35",1
"3187,95",1
"21496,51",1
"9719,90",1
"9607,93",1
"13988,25",1
"3187,97",1
"23974,08",1
"6497,68",1
"8454,53",1
"7855,74",1
"4916,75",1
"10395,68",1
"4412,50",1
"4207,70",1
"3566,75",1
"10162,99",1
"3803,73",1
"17152,53",1
"12768,65",1
"11532,61",1
"11477,29",1
"4754,98",1
"9551,41",1
"11408,07",1
"10169,20",1
"3744,99",1
"3905,35",1
"2771,98",1
"10673,29",1
"9744,42",1
"5925,43",1
"4556,09",1
"13669,64",1
"16967,16",1
"4284,69",1
"6277,89",1
"12266,59",1
"4302,90",1
"11793,36",1
"5514,61",1
"5991,76",1
"3495,38",1
"5166,74",1
"14993,39",1
"9851,28",1
"13210,68",1
"11019,87",1
"10487,92",1
"10854,19",1
"6810,53",1
"9408,54",1
"10020,42",1
"10457,29",1
"3439,43",1
"3230,35",1
"14786,49",1
"4246,50",1
"4426,99",1
"4074,16",1
"18311,20",1
"2910,39",1
"5172,13",1
"8765,46",1
"10532,73",1
"3109,29",1
"4323,36",1
"12102,06",1
"3812,71",1
"10041,18",1
"11508,46",1
"50637,11",1
"6533,72",1
"5783,35",1
"4651,16",1
"6780,02",1
"7694,11",1
"7247,62",1
"7472,04",1
"16455,74",1
"3408,27",1
"79767,74",1
"5538,02",1
"4717,77",1
"6111,32",1
"3228,59",1
"5828,70",1
"3815,19",1
"4972,26",1
"19430,77",1
"4820,76",1
"5034,30",1
"15093,67",1
"10916,12",1
"6860,27",1
"18296,34",1
"4167,08",1
"10617,50",1
"10572,72",1
"15095,47",1
"10697,90",1
"6209,08",1
"2712,51",1
"4921,79",1
"3021,30",1
"9251,01",1
"4442,67",1
"5494,59",1
"54770,32",1
"5244,06",1
"8209,36",1
"11428,68",1
"4702,43",1
"1124,94",1
"3243,95",1
"20880,65",1
"10756,72",1
"19086,96",1
"10577,12",1
"6736,99",1
"14406,71",1
"4230,74",1
"5206,68",1
"10151,06",1
"5470,91",1
"4482,47",1
"6630,22",1
"5133,84",1
"2752,57",1
"7887,13",1
"10602,17",1
"4943,52",1
"5082,88",1
"13976,40",1
"3974,08",1
"16461,45",1
"9091,46",1
"7486,62",1
"10504,75",1
"4809,61",1
"4751,24",1
"4141,66",1
"6879,23",1
"8669,37",1
"2496,01",1
"9549,13",1
"27877,83",1
"3767,41",1
"10113,58",1
"3889,83",1
"10678,03",1
"5990,23",1
"4684,91",1
"3855,33",1
"3743,82",1
"5768,91",1
"5205,17",1
"7509,55",1
"16401,19",1
"9857,25",1
"3176,72",1
"4660,13",1
"4273,48",1
"6201,51",1
"10145,14",1
"6225,58",1
"8802,34",1
"10652,46",1
"19232,72",1
"13689,17",1
"8777,95",1
"3360,94",1
"5728,24",1
"14023,46",1
"5208,28",1
"6579,90",1
"3240,70",1
"3432,26",1
"3625,52",1
"8023,04",1
"4322,26",1
"4762,31",1
"2151,12",1
"14353,81",1
"7999,15",1
"10917,74",1
"6056,81",1
"3006,46",1
"5579,77",1
"6931,77",1
"7533,37",1
"7044,05",1
"5139,84",1
"10550,02",1
"10562,86",1
"8672,54",1
"3038,68",1
"2390,15",1
